term,polarity,score_norm,O_score,pmi_mis,pmi_non,cooc_mis,cooc_non,freq_mis,freq_non,freq_total,origem
canalha,misogino,4.066122814949239,4.066122814949239,1.261725718096154,-2.804397096853085,69,1,105,70,183,semente+pmi
comunista,misogino,3.9908993937116515,3.9908993937116515,1.5757068840949509,-2.4151925096167006,64,1,72,49,124,semente+pmi
ladrão,misogino,3.723836608462606,3.723836608462606,1.8248605712467727,-1.8989760372158333,49,1,43,30,74,semente+pmi
feminista,misogino,3.4155352488080895,3.4155352488080895,0.5736002326359398,-2.8419350161721497,36,1,90,90,190,pmi_expandido
bandido,misogino,3.305534353593761,3.305534353593761,1.555654225543562,-1.7498801280501992,129,4,138,90,255,semente+pmi
safar,misogino,3.297752213151706,3.297752213151706,1.6597900013054923,-1.637962211846214,32,1,41,12,57,semente+pmi
congresso,misogino,3.297752213151706,3.297752213151706,1.1919817626231923,-2.1057704505285137,32,1,57,33,91,semente+pmi
pastor,misogino,3.2660035148371254,3.2660035148371254,1.3944264518094065,-1.871577063027719,31,1,52,19,72,semente+pmi
esquerdista,misogino,3.1993121403384537,3.1993121403384537,0.8508110052204252,-2.3485011351180285,29,1,62,52,116,semente+pmi
absurdo,misogino,3.05089213522018,3.05089213522018,0.4520348852630574,-2.5988572499571228,25,1,63,84,149,pmi_expandido
partido,misogino,3.0100701406999253,3.0100701406999253,0.9725079401979448,-2.0375622005019802,24,1,35,45,85,pmi_expandido
terrorista,misogino,3.0100701406999253,3.0100701406999253,1.3042853325149502,-1.705784808184975,24,1,32,24,61,semente+pmi
sapatão,misogino,2.8765387480754026,2.8765387480754026,-0.07495847060827354,-2.9514972186836763,21,1,132,71,212,semente+pmi
bando,misogino,2.8765387480754026,2.8765387480754026,0.9911683629153478,-1.8853703851600547,21,1,38,35,73,semente+pmi
imbecil,misogino,2.8277485839059704,2.8277485839059704,0.9153495263579964,-1.9123990575479741,20,1,44,31,75,semente+pmi
defender,misogino,2.8277485839059704,2.8277485839059704,0.9021042996079756,-1.925644284297995,60,3,74,137,228,pmi_expandido
mentiroso,misogino,2.8277485839059704,2.8277485839059704,1.301012007169981,-1.5267365767359893,20,1,25,26,51,pmi_expandido
corrupto,misogino,2.793847032230289,2.793847032230289,1.5268637524210704,-1.2669832798092189,58,3,61,52,118,semente+pmi
covarde,misogino,2.7764552895184202,2.7764552895184202,1.192560298942482,-1.583894990575938,19,1,26,26,54,pmi_expandido
vagabunda,misogino,2.7223880682481445,2.7223880682481445,0.7086365164398825,-2.013751551808262,18,1,49,33,83,semente+pmi
news,misogino,2.6652296544081953,2.6652296544081953,1.2861290764782707,-1.3791005779299248,17,1,19,25,44,pmi_expandido
ditadura,misogino,2.6046050325917607,2.6046050325917607,0.8825597035350056,-1.7220453290567552,16,1,21,39,62,pmi_expandido
demônio,misogino,2.5400665114541896,2.5400665114541896,1.1165141709534308,-1.4235523405007586,15,1,37,8,46,semente+pmi
argentina,misogino,2.5400665114541896,2.5400665114541896,1.3075694077161404,-1.2324971037380494,15,1,16,19,38,pmi_expandido
podre,misogino,2.5400665114541896,2.5400665114541896,1.4486480059760456,-1.091418505478144,30,2,41,22,66,semente+pmi
eleição,misogino,2.540066511454189,2.540066511454189,0.40186078517252194,-2.1382057262816674,15,1,28,63,94,pmi_expandido
satanás,misogino,2.471073639967238,2.471073639967238,1.6572868710873736,-0.8137867688798643,14,1,15,5,25,semente+pmi
corrupção,misogino,2.471073639967238,2.471073639967238,0.833111428121024,-1.637962211846214,14,1,20,34,57,pmi_expandido
limite,misogino,2.471073639967238,2.471073639967238,0.833111428121024,-1.637962211846214,14,1,20,37,57,pmi_expandido
esquerda,misogino,2.4469760883881775,2.4469760883881775,0.693182061016842,-1.7537940273713355,82,6,170,187,384,pmi_expandido
diabo,misogino,2.3969656678135163,2.3969656678135163,0.8130706772375782,-1.583894990575938,13,1,28,24,54,semente+pmi
cadeia,misogino,2.3775475819564145,2.3775475819564145,1.364909954331385,-1.0126376276250295,51,4,89,31,122,semente+pmi
lei,misogino,2.3169229601399803,2.3169229601399803,0.9153495263579966,-1.4015734337819836,36,3,34,94,135,pmi_expandido
comunismo,misogino,2.31692296013998,2.31692296013998,1.2562761133285894,-1.0606468468113903,12,1,15,16,32,pmi_expandido
trabalhador,misogino,2.31692296013998,2.31692296013998,0.6789607482937658,-1.637962211846214,12,1,27,27,57,pmi_expandido
criatura,misogino,2.31692296013998,2.31692296013998,1.4639154781068342,-0.8530074820331458,12,1,18,7,26,semente+pmi
população,misogino,2.31692296013998,2.31692296013998,0.8508110052204252,-1.4661119549195547,12,1,17,30,48,pmi_expandido
nojo,misogino,2.31692296013998,2.31692296013998,1.0248337591996848,-1.2920892009402953,36,3,68,48,121,semente+pmi
emirado,misogino,2.237105366340316,2.237105366340316,2.237105366340316,0.0,7,0,2,5,7,pmi_expandido
atacar,misogino,2.2299115831503507,2.2299115831503507,1.1486454491362241,-1.0812661340141263,33,3,38,51,98,pmi_expandido
eleger,misogino,2.22991158315035,2.22991158315035,0.44534589711226075,-1.7845656860380894,11,1,24,42,66,pmi_expandido
urgente,misogino,2.22991158315035,2.22991158315035,0.7848530374286279,-1.4450585457217222,11,1,13,32,47,pmi_expandido
eua,misogino,2.22991158315035,2.22991158315035,0.49186591274715374,-1.7380456704031964,11,1,17,46,63,pmi_expandido
pilantra,misogino,2.22991158315035,2.22991158315035,1.5439581857803706,-0.6859533973699795,22,2,23,19,44,semente+pmi
machista,misogino,2.22991158315035,2.22991158315035,0.5406560769165857,-1.6892555062337644,11,1,23,34,60,pmi_expandido
venezuela,misogino,2.2299115831503498,2.2299115831503498,0.8973310208553179,-1.332580562295032,11,1,18,24,42,pmi_expandido
processar,misogino,2.2299115831503498,2.2299115831503498,1.1086401145225249,-1.121271468627825,11,1,16,16,34,pmi_expandido
rabo,misogino,2.2299115831503498,2.2299115831503498,0.7229776337105402,-1.5069339494398097,11,1,15,33,50,pmi_expandido
sujo,misogino,2.2299115831503498,2.2299115831503498,1.1234552003076657,-1.1064563828426843,22,2,32,34,67,pmi_expandido
nojentar,misogino,2.2299115831503498,2.2299115831503498,1.2010134346535402,-1.0288981484968098,11,1,18,13,31,semente+pmi
lula,misogino,2.1714153764687416,2.1714153764687416,0.761543139872063,-1.4098722365966785,83,8,127,203,363,pmi_expandido
quadrilha,misogino,2.1346014033460254,2.1346014033460254,0.9021042996079759,-1.2324971037380494,10,1,19,19,38,semente+pmi
dúvida,misogino,2.1346014033460254,2.1346014033460254,0.350035717307936,-1.7845656860380894,10,1,13,52,66,pmi_expandido
luladr,misogino,2.1346014033460254,2.1346014033460254,1.900633129719103,-0.2339682736269222,10,1,12,2,14,semente+pmi
lamentável,misogino,2.134601403346025,2.134601403346025,0.778490343640799,-1.356111059705226,10,1,17,25,43,pmi_expandido
derrubar,misogino,2.134601403346025,2.134601403346025,0.7555008254161004,-1.3791005779299248,10,1,14,26,44,pmi_expandido
marco,misogino,2.134601403346025,2.134601403346025,1.1723946293478873,-0.9622067739981377,10,1,6,20,29,pmi_expandido
militante,misogino,2.134601403346025,2.134601403346025,0.689542857624303,-1.4450585457217222,10,1,13,33,47,pmi_expandido
vagabundo,misogino,2.1092835953617355,2.1092835953617355,1.1342286788857487,-0.9750549164759869,78,8,92,138,235,pmi_expandido
marionete,misogino,2.0829546865130575,2.0829546865130575,2.0829546865130575,0.0,6,0,5,1,7,semente+pmi
genocida,misogino,2.0829546865130575,2.0829546865130575,2.0829546865130575,0.0,6,0,4,3,7,pmi_expandido
baderna,misogino,2.054783809546361,2.054783809546361,2.054783809546361,0.0,5,0,5,1,6,semente+pmi
parasita,misogino,2.036434670878165,2.036434670878165,2.036434670878165,0.0,9,0,7,4,11,semente+pmi
objetivo,misogino,2.029240887688199,2.029240887688199,0.9685940408768086,-1.0606468468113903,9,1,6,26,32,pmi_expandido
caro,misogino,2.029240887688199,2.029240887688199,0.7967437839501497,-1.2324971037380494,9,1,8,30,38,pmi_expandido
evangélico,misogino,2.029240887688199,2.029240887688199,0.9685940408768086,-1.0606468468113903,9,1,15,14,32,pmi_expandido
hipócrita,misogino,2.029240887688199,2.029240887688199,1.3662770085429181,-0.6629638791452808,18,2,24,19,43,semente+pmi
punir,misogino,2.029240887688199,2.029240887688199,1.1021254335013315,-0.9271154541868676,9,1,14,13,28,pmi_expandido
ataque,misogino,2.029240887688199,2.029240887688199,1.0331325620143799,-0.996108325673819,9,1,10,18,30,pmi_expandido
máfia,misogino,2.0139618150261063,2.0139618150261063,2.0139618150261063,0.0,4,0,3,2,5,pmi_expandido
priquito,misogino,2.0139618150261063,2.0139618150261063,2.0139618150261063,0.0,4,0,3,2,5,pmi_expandido
papagaio,misogino,2.0139618150261063,2.0139618150261063,2.0139618150261063,0.0,4,0,2,3,5,pmi_expandido
marte,misogino,2.0139618150261063,2.0139618150261063,2.0139618150261063,0.0,4,0,1,4,5,pmi_expandido
manifesto,misogino,2.0139618150261063,2.0139618150261063,2.0139618150261063,0.0,4,0,1,4,5,pmi_expandido
protegir,misogino,2.0139618150261063,2.0139618150261063,2.0139618150261063,0.0,4,0,3,2,5,pmi_expandido
mentira,misogino,1.991500559705352,1.991500559705352,0.7502697759985477,-1.2412307837068042,26,3,43,69,115,pmi_expandido
fantoche,misogino,1.9857909380594094,1.9857909380594094,1.9857909380594094,0.0,7,0,9,0,9,semente+pmi
senar,misogino,1.9857909380594094,1.9857909380594094,1.9857909380594094,0.0,7,0,7,2,9,semente+pmi
pena,misogino,1.9720824738482503,1.9720824738482503,0.6595426624366644,-1.312539811411586,51,6,92,141,247,pmi_expandido
doutrinar,misogino,1.9494232938885347,1.9494232938885347,1.9494232938885347,0.0,6,0,4,4,8,pmi_expandido
ladra,misogino,1.9186516352217813,1.9186516352217813,1.9186516352217813,0.0,8,0,7,4,11,semente+pmi
fronteira,misogino,1.9186516352217813,1.9186516352217813,1.9186516352217813,0.0,8,0,3,8,11,pmi_expandido
arma,misogino,1.9114578520318157,1.9114578520318157,0.9843423978449481,-0.9271154541868676,8,1,9,19,28,pmi_expandido
agenda,misogino,1.9114578520318157,1.9114578520318157,0.6789607482937663,-1.2324971037380494,8,1,8,28,38,pmi_expandido
cultural,misogino,1.9114578520318157,1.9114578520318157,0.9843423978449481,-0.9271154541868676,8,1,7,21,28,pmi_expandido
crime,misogino,1.9114578520318155,1.9114578520318155,0.7470142115387817,-1.1644436404930338,32,4,36,94,142,pmi_expandido
quão,misogino,1.9114578520318155,1.9114578520318155,1.1384930776722062,-0.7729647743596093,8,1,3,21,24,pmi_expandido
justiça,misogino,1.9114578520318155,1.9114578520318155,0.30016388726776305,-1.6112939647640525,16,2,26,80,111,pmi_expandido
lutar,misogino,1.9114578520318153,1.9114578520318153,0.5210577188479573,-1.390400133183858,16,2,25,61,89,pmi_expandido
sérgio,misogino,1.9114578520318153,1.9114578520318153,1.2720244702967287,-0.6394333817350866,8,1,2,19,21,pmi_expandido
destruir,misogino,1.9114578520318153,1.9114578520318153,0.7901863834039904,-1.121271468627825,16,2,27,39,68,pmi_expandido
ditador,misogino,1.9114578520318153,1.9114578520318153,1.181052692091002,-0.7304051599408133,8,1,14,9,23,semente+pmi
enter,misogino,1.9114578520318153,1.9114578520318153,0.9153495263579964,-0.996108325673819,8,1,12,17,30,pmi_expandido
meigo,misogino,1.900633129719103,1.900633129719103,1.900633129719103,0.0,5,0,2,5,7,pmi_expandido
desinformar,misogino,1.900633129719103,1.900633129719103,1.900633129719103,0.0,5,0,5,2,7,semente+pmi
dissimular,misogino,1.8693805862149986,1.8693805862149986,1.8693805862149986,0.0,9,0,7,6,13,pmi_expandido
roubar,misogino,1.8601645576442651,1.8601645576442651,0.947437840909497,-0.912726716734768,38,5,65,65,138,pmi_expandido
razão,misogino,1.8469193308942442,1.8469193308942442,0.7110490628452666,-1.1358702680489776,15,2,20,49,69,pmi_expandido
cansar,misogino,1.8469193308942442,1.8469193308942442,0.8847125568961065,-0.9622067739981377,15,2,25,32,58,pmi_expandido
ateísta,misogino,1.8316402582321516,1.8316402582321516,1.8316402582321516,0.0,4,0,2,4,6,pmi_expandido
bandir,misogino,1.8316402582321516,1.8316402582321516,1.8316402582321516,0.0,4,0,4,2,6,pmi_expandido
deplorável,misogino,1.8316402582321516,1.8316402582321516,1.8316402582321516,0.0,4,0,4,2,6,pmi_expandido
jênio,misogino,1.8316402582321516,1.8316402582321516,1.8316402582321516,0.0,4,0,2,4,6,pmi_expandido
fogueira,misogino,1.8316402582321516,1.8316402582321516,1.8316402582321516,0.0,4,0,2,4,6,pmi_expandido
watson,misogino,1.8316402582321516,1.8316402582321516,1.8316402582321516,0.0,4,0,2,2,6,pmi_expandido
sujeira,misogino,1.8316402582321516,1.8316402582321516,1.8316402582321516,0.0,4,0,4,2,6,pmi_expandido
teresa,misogino,1.8316402582321516,1.8316402582321516,1.8316402582321516,0.0,4,0,2,1,6,pmi_expandido
condenação,misogino,1.8316402582321512,1.8316402582321512,1.8316402582321512,0.0,6,0,5,3,9,semente+pmi
oas,misogino,1.8316402582321512,1.8316402582321512,1.8316402582321512,0.0,6,0,7,2,9,semente+pmi
chile,misogino,1.7851202425972585,1.7851202425972585,1.7851202425972585,0.0,7,0,9,2,11,semente+pmi
racista,misogino,1.7779264594072934,1.7779264594072934,0.3471538709330474,-1.430772588474246,21,3,41,93,139,pmi_expandido
pia,misogino,1.777926459407293,1.777926459407293,1.2385765362291887,-0.5393499231781042,7,1,3,12,19,pmi_expandido
dubai,misogino,1.777926459407293,1.777926459407293,1.8804304224015835,0.10250396299429065,7,1,2,8,10,pmi_expandido
imprensa,misogino,1.777926459407293,1.777926459407293,0.9172561046285779,-0.860670354778715,35,5,44,81,131,pmi_expandido
monstro,misogino,1.7779264594072928,1.7779264594072928,0.924918977374147,-0.8530074820331458,7,1,11,12,26,pmi_expandido
sra,misogino,1.7779264594072928,1.7779264594072928,1.6180661579340923,-0.1598603014732005,7,1,6,6,13,pmi_expandido
entendi,misogino,1.7779264594072925,1.7779264594072925,0.5720976027514045,-1.2058288566558881,7,1,4,32,37,pmi_expandido
fundo,misogino,1.7779264594072925,1.7779264594072925,0.2709925099674829,-1.5069339494398097,7,1,8,40,50,pmi_expandido
nordeste,misogino,1.7779264594072925,1.7779264594072925,0.7490283109104828,-1.0288981484968098,7,1,6,25,31,pmi_expandido
protetor,misogino,1.76710173709458,1.76710173709458,1.76710173709458,0.0,5,0,5,3,8,semente+pmi
esgoto,misogino,1.7515975505586152,1.7515975505586152,1.7515975505586152,0.0,8,0,8,5,13,semente+pmi
malafaia,misogino,1.7515975505586152,1.7515975505586152,1.7515975505586152,0.0,8,0,5,8,13,pmi_expandido
mulher,misogino,1.73679916798343,1.73679916798343,0.42581771749185976,-1.3109814504915702,262,39,555,831,1603,pmi_expandido
sociedade,misogino,1.7291362952378608,1.7291362952378608,0.9423781987459157,-0.7867580964919453,20,3,20,51,73,pmi_expandido
sitio,misogino,1.726279742574325,1.726279742574325,1.726279742574325,0.0,3,0,3,1,5,pmi_expandido
contrariar,misogino,1.726279742574325,1.726279742574325,1.726279742574325,0.0,3,0,0,5,5,pmi_expandido
lenha,misogino,1.726279742574325,1.726279742574325,1.726279742574325,0.0,3,0,3,2,5,pmi_expandido
incubar,misogino,1.726279742574325,1.726279742574325,1.726279742574325,0.0,3,0,3,2,5,pmi_expandido
facho,misogino,1.726279742574325,1.726279742574325,1.726279742574325,0.0,3,0,3,2,5,pmi_expandido
vigarista,misogino,1.726279742574325,1.726279742574325,1.726279742574325,0.0,6,0,7,3,10,semente+pmi
marxismo,misogino,1.726279742574325,1.726279742574325,1.726279742574325,0.0,9,0,3,12,15,pmi_expandido
batom,misogino,1.726279742574325,1.726279742574325,1.726279742574325,0.0,3,0,2,3,5,pmi_expandido
responsabilizar,misogino,1.726279742574325,1.726279742574325,1.726279742574325,0.0,3,0,4,1,5,pmi_expandido
fuzilar,misogino,1.726279742574325,1.726279742574325,1.726279742574325,0.0,3,0,3,2,5,pmi_expandido
imoral,misogino,1.726279742574325,1.726279742574325,1.726279742574325,0.0,6,0,6,4,10,semente+pmi
crápula,misogino,1.726279742574325,1.726279742574325,1.726279742574325,0.0,6,0,10,0,10,semente+pmi
moralista,misogino,1.726279742574325,1.726279742574325,1.726279742574325,0.0,3,0,5,0,5,semente+pmi
ingênuo,misogino,1.726279742574325,1.726279742574325,1.726279742574325,0.0,3,0,0,4,5,pmi_expandido
emitir,misogino,1.726279742574325,1.726279742574325,1.726279742574325,0.0,3,0,1,4,5,pmi_expandido
romance,misogino,1.726279742574325,1.726279742574325,1.726279742574325,0.0,3,0,2,3,5,pmi_expandido
basta,misogino,1.726279742574325,1.726279742574325,1.726279742574325,0.0,3,0,1,4,5,pmi_expandido
exercito,misogino,1.726279742574325,1.726279742574325,1.726279742574325,0.0,3,0,4,1,5,pmi_expandido
pasto,misogino,1.726279742574325,1.726279742574325,1.726279742574325,0.0,3,0,2,3,5,pmi_expandido
cova,misogino,1.726279742574325,1.726279742574325,1.726279742574325,0.0,3,0,4,1,5,pmi_expandido
serpente,misogino,1.726279742574325,1.726279742574325,1.726279742574325,0.0,3,0,4,1,5,pmi_expandido
far,misogino,1.726279742574325,1.726279742574325,1.726279742574325,0.0,3,0,0,5,5,pmi_expandido
sapatona,misogino,1.726279742574325,1.726279742574325,1.726279742574325,0.0,3,0,2,3,5,pmi_expandido
cafajeste,misogino,1.726279742574325,1.726279742574325,1.726279742574325,0.0,3,0,5,0,5,semente+pmi
asno,misogino,1.726279742574325,1.726279742574325,1.726279742574325,0.0,3,0,4,1,5,pmi_expandido
decência,misogino,1.726279742574325,1.726279742574325,1.726279742574325,0.0,3,0,2,3,5,pmi_expandido
ess,misogino,1.726279742574325,1.726279742574325,1.726279742574325,0.0,3,0,2,3,5,pmi_expandido
dino,misogino,1.726279742574325,1.726279742574325,1.726279742574325,0.0,3,0,3,2,5,pmi_expandido
enganar,misogino,1.7038184872535713,1.7038184872535713,0.8317628102497309,-0.8720556770038403,13,2,21,30,53,pmi_expandido
guerra,misogino,1.703818487253571,1.703818487253571,0.47132138351552166,-1.2324971037380494,13,2,18,55,76,pmi_expandido
burra,misogino,1.7038184872535709,1.7038184872535709,-0.27311909143197427,-1.9769375786855452,13,2,97,60,160,semente+pmi
árabe,misogino,1.6981088656076289,1.6981088656076289,1.6981088656076289,0.0,7,0,3,9,12,pmi_expandido
calar,misogino,1.6778430008503107,1.6778430008503107,0.5181052513946892,-1.1597377494556214,19,3,37,67,106,pmi_expandido
verdadeiro,misogino,1.6778430008503102,1.6778430008503102,0.6597557684577159,-1.0180872323925945,19,3,31,61,92,pmi_expandido
forabolsonarar,misogino,1.6774895784048933,1.6774895784048933,1.6774895784048933,0.0,4,0,5,2,7,semente+pmi
inescrupuloso,misogino,1.6774895784048933,1.6774895784048933,1.6774895784048933,0.0,4,0,4,3,7,pmi_expandido
desocupar,misogino,1.6774895784048933,1.6774895784048933,1.6774895784048933,0.0,4,0,3,4,7,pmi_expandido
fdps,misogino,1.6774895784048933,1.6774895784048933,1.6774895784048933,0.0,4,0,4,3,7,pmi_expandido
venezuelano,misogino,1.6774895784048933,1.6774895784048933,1.6774895784048933,0.0,8,0,9,4,14,semente+pmi
cachaceiro,misogino,1.6774895784048933,1.6774895784048933,1.6774895784048933,0.0,4,0,3,4,7,pmi_expandido
bruto,misogino,1.6774895784048933,1.6774895784048933,1.6774895784048933,0.0,4,0,3,4,7,pmi_expandido
plantão,misogino,1.6774895784048933,1.6774895784048933,1.6774895784048933,0.0,4,0,3,4,7,pmi_expandido
exercer,misogino,1.6774895784048933,1.6774895784048933,1.6774895784048933,0.0,4,0,3,4,7,pmi_expandido
zombar,misogino,1.6774895784048933,1.6774895784048933,1.6774895784048933,0.0,4,0,3,4,7,pmi_expandido
frágil,misogino,1.6774895784048933,1.6774895784048933,1.6774895784048933,0.0,4,0,2,5,7,pmi_expandido
cavalheiro,misogino,1.6774895784048933,1.6774895784048933,1.6774895784048933,0.0,4,0,2,3,7,pmi_expandido
vergonha,misogino,1.6588670993913048,1.6588670993913048,0.8594690679635398,-0.799398031427765,87,14,165,169,345,pmi_expandido
deputado,misogino,1.6565656024030255,1.6565656024030255,0.7438388856682575,-0.912726716734768,31,5,38,88,138,pmi_expandido
propina,misogino,1.649318701438197,1.649318701438197,1.649318701438197,0.0,15,0,23,4,27,semente+pmi
corrupta,misogino,1.6493187014381967,1.6493187014381967,1.6493187014381967,0.0,10,0,14,4,18,semente+pmi
desmoralizar,misogino,1.6493187014381967,1.6493187014381967,1.6493187014381967,0.0,5,0,4,5,9,pmi_expandido
pirralho,misogino,1.6493187014381967,1.6493187014381967,1.6493187014381967,0.0,5,0,7,0,9,semente+pmi
canalhice,misogino,1.6493187014381967,1.6493187014381967,1.6493187014381967,0.0,5,0,6,3,9,semente+pmi
saquear,misogino,1.6493187014381967,1.6493187014381967,1.6493187014381967,0.0,5,0,6,2,9,semente+pmi
breno,misogino,1.6493187014381967,1.6493187014381967,1.6493187014381967,0.0,5,0,0,4,9,pmi_expandido
investidor,misogino,1.6493187014381967,1.6493187014381967,1.6493187014381967,0.0,5,0,7,0,9,semente+pmi
mula,misogino,1.6493187014381967,1.6493187014381967,1.6493187014381967,0.0,5,0,2,5,9,pmi_expandido
traidor,misogino,1.642398258593623,1.642398258593623,1.642398258593623,0.0,32,0,39,18,58,semente+pmi
custa,misogino,1.6309695627700003,1.6309695627700003,1.6309695627700003,0.0,6,0,9,2,11,semente+pmi
vetar,misogino,1.6309695627700003,1.6309695627700003,1.6309695627700003,0.0,6,0,4,5,11,pmi_expandido
acusar,misogino,1.6237757795800347,1.6237757795800347,0.07762111698694353,-1.546154662593091,6,1,10,42,52,pmi_expandido
revolução,misogino,1.6237757795800347,1.6237757795800347,1.4639154781068342,-0.1598603014732005,6,1,4,9,13,pmi_expandido
neto,misogino,1.6237757795800345,1.6237757795800345,0.3653031894387244,-1.25847259014131,6,1,9,27,39,pmi_expandido
queiroz,misogino,1.6237757795800345,1.6237757795800345,0.6276674539062155,-0.996108325673819,6,1,8,18,30,pmi_expandido
droga,misogino,1.6237757795800345,1.6237757795800345,-0.3778544116958823,-2.001630191275917,6,1,21,55,82,pmi_expandido
atrapalhar,misogino,1.6237757795800345,1.6237757795800345,0.315292768864063,-1.3084830107159715,6,1,14,23,41,pmi_expandido
suportar,misogino,1.6237757795800345,1.6237757795800345,0.7707682975468888,-0.8530074820331458,6,1,7,18,26,pmi_expandido
fruto,misogino,1.6237757795800345,1.6237757795800345,1.0331325620143799,-0.5906432175656546,6,1,4,15,20,pmi_expandido
bloquear,misogino,1.6237757795800345,1.6237757795800345,0.7330279695640417,-0.8907478100159928,6,1,4,23,27,pmi_expandido
patriota,misogino,1.6237757795800345,1.6237757795800345,0.5948776310832247,-1.0288981484968098,6,1,10,21,31,pmi_expandido
câmara,misogino,1.6237757795800345,1.6237757795800345,0.6615690055818967,-0.9622067739981377,6,1,8,21,29,pmi_expandido
maconheiro,misogino,1.6237757795800345,1.6237757795800345,0.7330279695640417,-0.8907478100159928,6,1,6,21,27,pmi_expandido
impeachment,misogino,1.6237757795800345,1.6237757795800345,1.138493077672206,-0.4852827019078284,12,2,6,27,36,pmi_expandido
deputada,misogino,1.6237757795800345,1.6237757795800345,0.5323572741018905,-1.091418505478144,12,2,22,43,66,pmi_expandido
obama,misogino,1.6237757795800345,1.6237757795800345,0.1576638246604799,-1.4661119549195547,6,1,9,36,48,pmi_expandido
isenção,misogino,1.6237757795800345,1.6237757795800345,1.726279742574325,0.10250396299429065,6,1,3,5,10,pmi_expandido
verme,misogino,1.6237757795800345,1.6237757795800345,1.0950079657324672,-0.5287678138475672,30,5,59,32,94,semente+pmi
mente,misogino,1.6237757795800345,1.6237757795800345,0.5788772897367835,-1.044898489843251,12,2,19,42,63,pmi_expandido
adiantar,misogino,1.6237757795800345,1.6237757795800345,0.11684183014022467,-1.5069339494398097,6,1,14,36,50,pmi_expandido
infeliz,misogino,1.6237757795800345,1.6237757795800345,1.138493077672206,-0.4852827019078284,6,1,10,8,18,semente+pmi
figura,misogino,1.6237757795800345,1.6237757795800345,1.138493077672206,-0.4852827019078284,6,1,7,11,18,pmi_expandido
cretino,misogino,1.6237757795800345,1.6237757795800345,1.3898075059531123,-0.2339682736269222,12,2,17,11,28,semente+pmi
cela,misogino,1.6237757795800345,1.6237757795800345,1.726279742574325,0.10250396299429065,6,1,4,5,10,pmi_expandido
dir,misogino,1.6237757795800343,1.6237757795800343,0.8933706196392209,-0.7304051599408133,6,1,3,20,23,pmi_expandido
proteger,misogino,1.6237757795800343,1.6237757795800343,0.44534589711226064,-1.1784298824677737,6,1,8,27,36,pmi_expandido
inimigo,misogino,1.6237757795800343,1.6237757795800343,0.22220234579805095,-1.4015734337819834,6,1,12,33,45,pmi_expandido
destruição,misogino,1.6237757795800343,1.6237757795800343,1.1956514915121546,-0.4281242880678797,6,1,5,11,17,pmi_expandido
presa,misogino,1.6237757795800343,1.6237757795800343,0.8933706196392209,-0.7304051599408133,6,1,12,11,23,pmi_expandido
abusar,misogino,1.6237757795800343,1.6237757795800343,1.1956514915121546,-0.4281242880678797,6,1,5,12,17,pmi_expandido
patrocinar,misogino,1.6237757795800343,1.6237757795800343,1.8316402582321512,0.20786447865211688,6,1,5,4,9,pmi_expandido
damar,misogino,1.6237757795800343,1.6237757795800343,0.473516774078957,-1.1502590055010773,6,1,12,23,35,pmi_expandido
asneira,misogino,1.6180661579340923,1.6180661579340923,1.6180661579340923,0.0,7,0,10,3,13,semente+pmi
envergonhar,misogino,1.6011165996203192,1.6011165996203192,1.6011165996203192,0.0,9,0,10,6,17,semente+pmi
cuidado,misogino,1.5666173657400857,1.5666173657400857,1.0629855251640608,-0.5036318405760251,17,3,17,38,55,pmi_expandido
bue,misogino,1.5439581857803706,1.5439581857803706,1.5439581857803706,0.0,7,0,7,7,14,pmi_expandido
favorecer,misogino,1.5439581857803706,1.5439581857803706,1.5439581857803706,0.0,3,0,3,2,6,pmi_expandido
elegeur,misogino,1.5439581857803706,1.5439581857803706,1.5439581857803706,0.0,6,0,9,3,12,semente+pmi
alcolumbre,misogino,1.5439581857803706,1.5439581857803706,1.5439581857803706,0.0,3,0,1,5,6,pmi_expandido
banqueiro,misogino,1.5439581857803706,1.5439581857803706,1.5439581857803706,0.0,4,0,2,6,8,pmi_expandido
íntegra,misogino,1.5439581857803706,1.5439581857803706,1.5439581857803706,0.0,3,0,2,4,6,pmi_expandido
cinismo,misogino,1.5439581857803706,1.5439581857803706,1.5439581857803706,0.0,3,0,2,4,6,pmi_expandido
noblat,misogino,1.5439581857803706,1.5439581857803706,1.5439581857803706,0.0,3,0,4,1,6,pmi_expandido
bandida,misogino,1.5439581857803706,1.5439581857803706,1.5439581857803706,0.0,4,0,8,0,8,semente+pmi
pudor,misogino,1.5439581857803706,1.5439581857803706,1.5439581857803706,0.0,3,0,2,4,6,pmi_expandido
incitar,misogino,1.5439581857803706,1.5439581857803706,1.5439581857803706,0.0,5,0,7,3,10,semente+pmi
aborteira,misogino,1.5439581857803706,1.5439581857803706,1.5439581857803706,0.0,3,0,3,3,6,pmi_expandido
pude,misogino,1.5439581857803706,1.5439581857803706,1.5439581857803706,0.0,3,0,0,6,6,pmi_expandido
ladroes,misogino,1.5439581857803706,1.5439581857803706,1.5439581857803706,0.0,3,0,5,1,6,semente+pmi
jumento,misogino,1.5439581857803706,1.5439581857803706,1.5439581857803706,0.0,6,0,8,4,12,semente+pmi
gagá,misogino,1.5439581857803706,1.5439581857803706,1.5439581857803706,0.0,3,0,6,0,6,semente+pmi
oportunista,misogino,1.5439581857803706,1.5439581857803706,1.5439581857803706,0.0,8,0,12,4,16,semente+pmi
quintal,misogino,1.5439581857803706,1.5439581857803706,1.5439581857803706,0.0,5,0,7,3,10,semente+pmi
orcrim,misogino,1.5439581857803706,1.5439581857803706,1.5439581857803706,0.0,3,0,1,5,6,pmi_expandido
implantar,misogino,1.5439581857803706,1.5439581857803706,1.5439581857803706,0.0,3,0,3,3,6,pmi_expandido
ferreira,misogino,1.5439581857803706,1.5439581857803706,1.5439581857803706,0.0,3,0,0,6,6,pmi_expandido
lembr,misogino,1.5439581857803706,1.5439581857803706,1.5439581857803706,0.0,3,0,2,4,6,pmi_expandido
legislativo,misogino,1.5439581857803706,1.5439581857803706,1.5439581857803706,0.0,4,0,2,6,8,pmi_expandido
impune,misogino,1.5439581857803706,1.5439581857803706,1.5439581857803706,0.0,6,0,4,8,12,pmi_expandido
media,misogino,1.5439581857803706,1.5439581857803706,1.5439581857803706,0.0,4,0,3,5,8,pmi_expandido
capim,misogino,1.5439581857803706,1.5439581857803706,1.5439581857803706,0.0,3,0,3,3,6,pmi_expandido
bonitinha,misogino,1.5439581857803706,1.5439581857803706,1.5439581857803706,0.0,3,0,2,4,6,pmi_expandido
baderneiro,misogino,1.5439581857803706,1.5439581857803706,1.5439581857803706,0.0,3,0,5,1,6,semente+pmi
mocinha,misogino,1.5439581857803706,1.5439581857803706,1.5439581857803706,0.0,4,0,5,2,8,semente+pmi
chef,misogino,1.5439581857803706,1.5439581857803706,1.5439581857803706,0.0,4,0,3,4,8,pmi_expandido
socialista,misogino,1.5439581857803706,1.5439581857803706,1.5439581857803706,0.0,8,0,8,7,16,semente+pmi
bolsonarotemrazao,misogino,1.5439581857803706,1.5439581857803706,1.5439581857803706,0.0,3,0,1,5,6,pmi_expandido
manifestante,misogino,1.5439581857803706,1.5439581857803706,1.5439581857803706,0.0,3,0,4,2,6,pmi_expandido
rebelde,misogino,1.5439581857803706,1.5439581857803706,1.5439581857803706,0.0,4,0,7,1,8,semente+pmi
cúmplice,misogino,1.5439581857803706,1.5439581857803706,1.5439581857803706,0.0,3,0,2,4,6,pmi_expandido
protagonista,misogino,1.5439581857803706,1.5439581857803706,1.5439581857803706,0.0,4,0,1,7,8,pmi_expandido
pig,misogino,1.5439581857803706,1.5439581857803706,1.5439581857803706,0.0,3,0,3,3,6,pmi_expandido
marcha,misogino,1.5439581857803706,1.5439581857803706,1.5439581857803706,0.0,4,0,3,5,8,pmi_expandido
íntegro,misogino,1.5439581857803706,1.5439581857803706,1.5439581857803706,0.0,3,0,2,4,6,pmi_expandido
reager,misogino,1.5439581857803706,1.5439581857803706,1.5439581857803706,0.0,3,0,2,4,6,pmi_expandido
master,misogino,1.5439581857803706,1.5439581857803706,1.5439581857803706,0.0,4,0,3,5,8,pmi_expandido
fanático,misogino,1.5439581857803706,1.5439581857803706,1.5439581857803706,0.0,3,0,2,4,6,pmi_expandido
facção,misogino,1.5439581857803706,1.5439581857803706,1.5439581857803706,0.0,3,0,2,3,6,pmi_expandido
emma,misogino,1.5439581857803706,1.5439581857803706,1.5439581857803706,0.0,4,0,3,5,8,pmi_expandido
ira,misogino,1.5439581857803706,1.5439581857803706,1.5439581857803706,0.0,3,0,2,4,6,pmi_expandido
hetero,misogino,1.5367644025904048,1.5367644025904048,0.5574631952329668,-0.9793012073574379,11,2,19,40,59,pmi_expandido
mimimi,misogino,1.5367644025904048,1.5367644025904048,0.5406560769165857,-0.996108325673819,11,2,29,27,60,pmi_expandido
ignorante,misogino,1.5367644025904048,1.5367644025904048,0.9461211850247502,-0.5906432175656546,11,2,16,24,40,pmi_expandido
governo,misogino,1.5236923210230522,1.5236923210230522,0.7359562293431301,-0.787736091679922,76,14,103,215,341,pmi_expandido
política,misogino,1.5059927439236511,1.5059927439236511,0.4879055115310567,-1.0180872323925945,16,3,34,57,92,pmi_expandido
flamengo,nao_misogino,3.3034779055771697,-3.3034779055771697,-2.093627973946015,1.2098499316311548,1,23,0,71,76,semente+pmi
jogador,nao_misogino,3.2125061273714435,-3.2125061273714435,-2.0669597268638538,1.1455464005075895,1,21,2,63,74,pmi_expandido
carioca,nao_misogino,3.1637159632020113,-3.1637159632020113,-2.093627973946015,1.0700879892559962,1,20,0,74,76,semente+pmi
perdi,nao_misogino,2.9405724118878016,-2.9405724118878016,-1.8572391958817849,1.083333216006017,1,16,5,55,60,pmi_expandido
feira,nao_misogino,2.9405724118878016,-2.9405724118878016,-2.2055458901500007,0.7350265217378009,1,16,7,78,85,pmi_expandido
voleinaglobo,nao_misogino,2.8760338907502305,-2.8760338907502305,-1.4517740877736203,1.42425980297661,1,15,1,39,40,pmi_expandido
palmeira,nao_misogino,2.8760338907502305,-2.8760338907502305,-1.4517740877736203,1.42425980297661,1,15,1,35,40,pmi_expandido
série,nao_misogino,2.807041019263279,-2.807041019263279,-2.1323424861267055,0.6746985331365734,1,14,4,70,79,pmi_expandido
vamo,nao_misogino,2.807041019263279,-2.807041019263279,-1.7237078032572621,1.0833332160060167,2,28,5,95,105,pmi_expandido
daniel,nao_misogino,2.7829434676842184,-2.7829434676842184,-0.7073336128261248,2.0756098548580937,3,41,4,48,57,pmi_expandido
caraio,nao_misogino,2.652890339436021,-2.652890339436021,-2.3680648196477754,0.2848255197882452,1,12,1,98,100,pmi_expandido
army,nao_misogino,2.565878962446391,-2.565878962446391,-0.8983888495888339,1.6674901128575572,1,11,2,17,23,pmi_expandido
voleinaglobar,nao_misogino,2.5658789624463907,-2.5658789624463907,-1.3738125463039086,1.1920664161424823,1,11,0,37,37,semente+pmi
crl,nao_misogino,2.5658789624463907,-2.5658789624463907,-1.8404320775654035,0.7254468848809874,1,11,3,55,59,pmi_expandido
vel,nao_misogino,2.5658789624463907,-2.5658789624463907,-1.2594021951261645,1.3064767673202264,1,11,0,30,33,semente+pmi
sábado,nao_misogino,2.5658789624463907,-2.5658789624463907,-1.921777717019356,0.6441012454270348,1,11,4,58,64,pmi_expandido
cheguei,nao_misogino,2.470568782642066,-2.470568782642066,-1.6547149317703107,0.8158538508717552,1,10,1,48,49,pmi_expandido
meta,nao_misogino,2.470568782642066,-2.470568782642066,-1.3738125463039086,1.0967562363381576,1,10,3,30,37,pmi_expandido
proximidade,nao_misogino,2.470568782642066,-2.470568782642066,-0.9409484640076297,1.5296203186344364,1,10,0,24,24,semente+pmi
paulista,nao_misogino,2.4192754882545153,-2.4192754882545153,-1.5695571234300039,0.8497183648245115,2,19,2,84,90,pmi_expandido
luansantanashow,nao_misogino,2.4050890559883364,-2.4050890559883364,0.0,2.4050890559883364,0,18,0,18,18,semente+pmi
luanete,nao_misogino,2.4050890559883364,-2.4050890559883364,0.0,2.4050890559883364,0,18,0,18,18,semente+pmi
gogh,nao_misogino,2.4050890559883364,-2.4050890559883364,0.0,2.4050890559883364,0,6,0,6,6,pmi_expandido
luansantano,nao_misogino,2.4050890559883364,-2.4050890559883364,0.0,2.4050890559883364,0,17,0,17,17,semente+pmi
tourette,nao_misogino,2.4050890559883364,-2.4050890559883364,0.0,2.4050890559883364,0,26,0,26,26,semente+pmi
manaa,nao_misogino,2.4050890559883364,-2.4050890559883364,0.0,2.4050890559883364,0,7,0,7,7,pmi_expandido
incr,nao_misogino,2.405089055988336,-2.405089055988336,0.0,2.405089055988336,0,5,0,5,5,pmi_expandido
road,nao_misogino,2.405089055988336,-2.405089055988336,0.0,2.405089055988336,0,5,0,5,5,pmi_expandido
perfeito,nao_misogino,2.36520826698424,-2.36520826698424,-2.3324376420046247,0.03277062497961544,2,18,11,181,193,pmi_expandido
carai,nao_misogino,2.36520826698424,-2.36520826698424,-2.0848173442638607,0.2803909227203793,3,27,2,224,226,pmi_expandido
flor,nao_misogino,2.36520826698424,-2.36520826698424,-2.4357234681215902,-0.07051520113735044,1,9,2,99,107,pmi_expandido
aniversário,nao_misogino,2.36520826698424,-2.36520826698424,-1.8900290187047757,0.4751792482794641,1,9,2,59,62,pmi_expandido
banco,nao_misogino,2.36520826698424,-2.36520826698424,-1.3738125463039086,0.9913957206803313,1,9,2,33,37,pmi_expandido
angola,nao_misogino,2.3652082669842396,-2.3652082669842396,-2.7867751545059605,-0.4215668875217207,1,9,30,113,152,pmi_expandido
paulinha,nao_misogino,2.3444644341719014,-2.3444644341719014,0.0,2.3444644341719014,0,16,0,17,17,semente+pmi
overdose,nao_misogino,2.2958897640233444,-2.2958897640233444,0.0,2.2958897640233444,0,26,0,29,29,semente+pmi
cola,nao_misogino,2.2715576633638133,-2.2715576633638133,0.0,2.2715576633638133,0,7,0,8,8,pmi_expandido
sozinho,nao_misogino,2.247425231327856,-2.247425231327856,-2.0255745107009995,0.22185072062685676,1,8,3,67,71,pmi_expandido
camisa,nao_misogino,2.247425231327856,-2.247425231327856,-1.5470842675779453,0.7003409637499111,1,8,1,38,44,pmi_expandido
est,nao_misogino,2.247425231327856,-2.247425231327856,-1.6130422353697427,0.6343829959581138,1,8,1,40,47,pmi_expandido
erro,nao_misogino,2.247425231327856,-2.247425231327856,-1.9525493756861099,0.29487585564174656,1,8,10,52,66,pmi_expandido
surtar,nao_misogino,2.247425231327856,-2.247425231327856,-1.5470842675779453,0.7003409637499111,1,8,3,41,44,pmi_expandido
fudido,nao_misogino,2.247425231327856,-2.247425231327856,-1.8404320775654035,0.40699315376245276,1,8,3,56,59,pmi_expandido
tandara,nao_misogino,2.247425231327856,-2.247425231327856,-0.7073336128261244,1.5400916185017317,1,8,0,18,19,semente+pmi
dms,nao_misogino,2.247425231327856,-2.247425231327856,-1.7518786802239585,0.4955465511038978,1,8,0,54,54,semente+pmi
abençoar,nao_misogino,2.247425231327856,-2.247425231327856,-2.32724282512752,-0.07981759379966398,1,8,3,91,96,pmi_expandido
participar,nao_misogino,2.247425231327856,-2.247425231327856,-1.6130422353697427,0.6343829959581138,1,8,1,45,47,pmi_expandido
piris,nao_misogino,2.2227674991943815,-2.2227674991943815,0.0,2.2227674991943815,0,5,0,6,6,pmi_expandido
boywithluv,nao_misogino,2.2227674991943815,-2.2227674991943815,0.0,2.2227674991943815,0,5,0,6,6,pmi_expandido
vsf,nao_misogino,2.20486561690906,-2.20486561690906,-2.0395607526757393,0.16530486423332083,3,23,8,206,216,pmi_expandido
impressão,nao_misogino,2.200294643342323,-2.200294643342323,0.0,2.200294643342323,0,22,1,26,27,pmi_expandido
cantar,nao_misogino,2.182886710190285,-2.182886710190285,-1.3602068942481298,0.8226798159421551,2,15,7,61,73,pmi_expandido
vitória,nao_misogino,2.182886710190285,-2.182886710190285,-1.6130422353697427,0.5698444748205425,2,15,5,83,94,pmi_expandido
científico,nao_misogino,2.1819455046741267,-2.1819455046741267,0.0,2.1819455046741267,0,4,0,5,5,pmi_expandido
empate,nao_misogino,2.1819455046741267,-2.1819455046741267,0.0,2.1819455046741267,0,4,0,5,5,pmi_expandido
acabámos,nao_misogino,2.1819455046741267,-2.1819455046741267,0.0,2.1819455046741267,0,4,0,5,5,pmi_expandido
enfiar,nao_misogino,2.148985158514604,-2.148985158514604,-1.2364126769014656,0.9125724816131382,4,29,11,118,129,pmi_expandido
pqp,nao_misogino,2.148985158514604,-2.148985158514604,-1.7123338404732524,0.4366513180413514,32,232,28,1618,1661,pmi_expandido
tbm,nao_misogino,2.113893838703334,-2.113893838703334,-1.7456867099760376,0.36820712872729644,3,21,15,144,161,pmi_expandido
cmg,nao_misogino,2.113893838703334,-2.113893838703334,-1.3916701637039153,0.7222236749994186,3,21,9,103,113,pmi_expandido
partida,nao_misogino,2.113893838703334,-2.113893838703334,-0.6532663915558489,1.460627447147485,1,7,0,16,18,semente+pmi
fev,nao_misogino,2.1138938387033335,-2.1138938387033335,-0.16078990645805455,1.953103932245279,1,7,1,10,11,pmi_expandido
parada,nao_misogino,2.1138938387033335,-2.1138938387033335,-1.2594021951261645,0.8544916435771691,1,7,3,30,33,pmi_expandido
jogo,nao_misogino,2.1138938387033335,-2.1138938387033335,-1.2843411434734164,0.8295526952299171,6,42,8,182,203,pmi_expandido
banho,nao_misogino,2.1138938387033335,-2.1138938387033335,-1.7141383522411113,0.399755486462222,1,7,3,45,52,pmi_expandido
agradecer,nao_misogino,2.1138938387033335,-2.1138938387033335,-1.770227818892155,0.3436660198111785,1,7,8,46,55,pmi_expandido
praia,nao_misogino,2.1138938387033335,-2.1138938387033335,-1.8737684978329952,0.24012534087033832,1,7,4,55,61,pmi_expandido
semana,nao_misogino,2.1138938387033335,-2.1138938387033335,-2.273754140176534,-0.1598603014732006,2,14,8,165,182,pmi_expandido
the,nao_misogino,2.1138938387033335,-2.1138938387033335,-1.303853957696998,0.8100398810063354,2,14,3,64,69,pmi_expandido
mara,nao_misogino,2.1138938387033335,-2.1138938387033335,-0.8074170713831071,1.3064767673202264,1,7,0,20,21,semente+pmi
poxa,nao_misogino,2.1138938387033335,-2.1138938387033335,-1.5240947493532466,0.5897990893500871,1,7,2,40,43,pmi_expandido
fab,nao_misogino,2.0765849890163004,-2.0765849890163004,0.0,2.0765849890163004,0,18,0,25,25,semente+pmi
cpx,nao_misogino,2.0686168193671235,-2.0686168193671235,0.0,2.0686168193671235,0,5,0,1,7,pmi_expandido
sub,nao_misogino,2.0484141120496036,-2.0484141120496036,0.0,2.0484141120496036,0,7,1,8,10,pmi_expandido
paulinho,nao_misogino,2.0484141120496036,-2.0484141120496036,0.0,2.0484141120496036,0,7,0,10,10,pmi_expandido
tour,nao_misogino,2.0484141120496036,-2.0484141120496036,0.0,2.0484141120496036,0,7,0,10,10,pmi_expandido
união,nao_misogino,2.039785866549612,-2.039785866549612,-0.4709448347618942,1.5688410317877177,2,13,3,26,30,pmi_expandido
cabelo,nao_misogino,2.013810380146351,-2.013810380146351,-1.8460658952836597,0.16774448486269164,3,19,15,154,178,pmi_expandido
mensagem,nao_misogino,2.0005651533963307,-2.0005651533963307,-1.1039880912521343,0.8965770621441963,4,25,4,106,113,pmi_expandido
show,nao_misogino,2.0005651533963302,-2.0005651533963302,-1.2128821794912714,0.787682973905059,4,25,9,108,126,pmi_expandido
expectativa,nao_misogino,1.999623947880172,-1.999623947880172,0.0,1.999623947880172,0,4,0,6,6,pmi_expandido
nio,nao_misogino,1.999623947880172,-1.999623947880172,0.0,1.999623947880172,0,4,0,5,6,pmi_expandido
casino,nao_misogino,1.999623947880172,-1.999623947880172,0.0,1.999623947880172,0,4,0,6,6,pmi_expandido
alvalade,nao_misogino,1.999623947880172,-1.999623947880172,0.0,1.999623947880172,0,4,0,6,6,pmi_expandido
tokyo,nao_misogino,1.999623947880172,-1.999623947880172,0.0,1.999623947880172,0,4,0,6,6,pmi_expandido
loki,nao_misogino,1.999623947880172,-1.999623947880172,0.0,1.999623947880172,0,4,0,3,6,pmi_expandido
ppp,nao_misogino,1.9996239478801718,-1.9996239478801718,0.0,1.9996239478801718,0,6,0,9,9,pmi_expandido
time,nao_misogino,1.9871421330641899,-1.9871421330641899,-0.9615677512103655,1.0255743818538243,6,37,12,117,147,pmi_expandido
europeu,nao_misogino,1.9597431588760756,-1.9597431588760756,-0.7751562091648858,1.1845869497111898,3,18,13,46,61,pmi_expandido
proibir,nao_misogino,1.9597431588760754,-1.9597431588760754,-1.5695571234300039,0.39018603544607144,1,6,5,38,45,pmi_expandido
kkkkkkkkkk,nao_misogino,1.9597431588760754,-1.9597431588760754,-1.69472026638401,0.26502289249206545,2,12,5,97,102,pmi_expandido
torcedor,nao_misogino,1.9597431588760754,-1.9597431588760754,-0.8983888495888339,1.0613543092872415,1,6,0,23,23,semente+pmi
incomodar,nao_misogino,1.9597431588760754,-1.9597431588760754,-1.6749176390878302,0.2848255197882452,1,6,4,43,50,pmi_expandido
brabo,nao_misogino,1.9597431588760754,-1.9597431588760754,-1.1301904636461582,0.8295526952299171,1,6,4,24,29,pmi_expandido
barça,nao_misogino,1.9597431588760752,-1.9597431588760752,-0.06547972665372975,1.8942634322223455,1,6,0,10,10,pmi_expandido
tag,nao_misogino,1.9597431588760752,-1.9597431588760752,-1.0587314996640131,0.901011659212062,1,6,0,27,27,semente+pmi
tnc,nao_misogino,1.9597431588760752,-1.9597431588760752,-1.5470842675779453,0.41265889129813,2,12,4,84,88,pmi_expandido
serio,nao_misogino,1.9597431588760752,-1.9597431588760752,-1.0950991438348878,0.8646440150411874,1,6,0,27,28,semente+pmi
marca,nao_misogino,1.9597431588760752,-1.9597431588760752,-1.0209911716811662,0.938751987194909,1,6,0,25,26,semente+pmi
uso,nao_misogino,1.9597431588760752,-1.9597431588760752,-1.5005642519430524,0.4591789069330228,1,6,6,35,42,pmi_expandido
sla,nao_misogino,1.9597431588760752,-1.9597431588760752,-1.5005642519430524,0.4591789069330228,1,6,3,39,42,pmi_expandido
onda,nao_misogino,1.9597431588760752,-1.9597431588760752,-1.0587314996640131,0.901011659212062,1,6,1,26,27,pmi_expandido
jungkook,nao_misogino,1.9597431588760752,-1.9597431588760752,-0.8539370870179999,1.1058060718580753,1,6,0,20,22,semente+pmi
troca,nao_misogino,1.9597431588760752,-1.9597431588760752,-0.5354833558994654,1.4242598029766098,1,6,1,15,16,pmi_expandido
pôr,nao_misogino,1.959743158876075,-1.959743158876075,-1.4517740877736203,0.5079690711024548,1,6,5,34,40,pmi_expandido
rafinha,nao_misogino,1.953103932245279,-1.953103932245279,0.0,1.953103932245279,0,7,0,11,11,pmi_expandido
barcelona,nao_misogino,1.945556726609896,-1.945556726609896,0.0,1.945556726609896,0,12,0,19,19,semente+pmi
sotaque,nao_misogino,1.9086521696744452,-1.9086521696744452,0.0,1.9086521696744452,0,14,0,20,23,semente+pmi
fiz,nao_misogino,1.902584745036127,-1.902584745036127,-1.3916701637039153,0.5109145813322117,3,17,5,103,113,pmi_expandido
twice,nao_misogino,1.8942634322223455,-1.8942634322223455,0.0,1.8942634322223455,0,3,0,5,5,pmi_expandido
demiter,nao_misogino,1.8942634322223455,-1.8942634322223455,0.0,1.8942634322223455,0,3,0,5,5,pmi_expandido
figueira,nao_misogino,1.8942634322223455,-1.8942634322223455,0.0,1.8942634322223455,0,6,0,10,10,pmi_expandido
bianca,nao_misogino,1.8942634322223455,-1.8942634322223455,0.0,1.8942634322223455,0,3,0,3,5,pmi_expandido
desanimar,nao_misogino,1.8942634322223455,-1.8942634322223455,0.0,1.8942634322223455,0,3,0,5,5,pmi_expandido
consideror,nao_misogino,1.8942634322223455,-1.8942634322223455,0.0,1.8942634322223455,0,3,0,5,5,pmi_expandido
descubra,nao_misogino,1.8942634322223455,-1.8942634322223455,0.0,1.8942634322223455,0,3,0,5,5,pmi_expandido
will,nao_misogino,1.8942634322223455,-1.8942634322223455,0.0,1.8942634322223455,0,3,0,5,5,pmi_expandido
maquiar,nao_misogino,1.8942634322223455,-1.8942634322223455,0.0,1.8942634322223455,0,3,0,5,5,pmi_expandido
frio,nao_misogino,1.854382643218249,-1.854382643218249,-1.556134103097863,0.298248540120386,5,27,11,202,222,pmi_expandido
per,nao_misogino,1.8454732680529138,-1.8454732680529138,0.0,1.8454732680529138,0,4,0,7,7,pmi_expandido
cuéllar,nao_misogino,1.8454732680529138,-1.8454732680529138,0.0,1.8454732680529138,0,4,0,7,7,pmi_expandido
porraaa,nao_misogino,1.8454732680529138,-1.8454732680529138,0.0,1.8454732680529138,0,4,0,7,7,pmi_expandido
spfc,nao_misogino,1.8454732680529138,-1.8454732680529138,0.0,1.8454732680529138,0,4,0,7,7,pmi_expandido
futebol,nao_misogino,1.8262117662515527,-1.8262117662515527,-1.0861304738521276,0.7400812923994252,4,21,14,90,111,pmi_expandido
espanha,nao_misogino,1.8173023910862174,-1.8173023910862174,0.0,1.8173023910862174,0,5,1,8,9,pmi_expandido
caralho,nao_misogino,1.799400508800896,-1.799400508800896,-1.3433223795461213,0.45607812925477476,45,230,54,1538,1615,pmi_expandido
festa,nao_misogino,1.777421602082121,-1.777421602082121,-1.186070922040615,0.591350680041506,3,15,4,82,92,pmi_expandido
baile,nao_misogino,1.777421602082121,-1.777421602082121,-1.2892551582758456,0.48816644380627533,1,5,0,32,34,semente+pmi
parceiro,nao_misogino,1.777421602082121,-1.777421602082121,-0.5961079777159003,1.1813136243662206,1,5,1,15,17,pmi_expandido
chuva,nao_misogino,1.777421602082121,-1.777421602082121,-1.5356555717543225,0.24176603032779836,2,10,6,78,87,pmi_expandido
terminar,nao_misogino,1.777421602082121,-1.777421602082121,-1.2286305364594108,0.5487910656227101,2,10,13,49,64,pmi_expandido
dai,nao_misogino,1.777421602082121,-1.777421602082121,-0.9817704585278849,0.7956511435542359,1,5,2,23,25,pmi_expandido
lateral,nao_misogino,1.777421602082121,-1.777421602082121,-0.8983888495888339,0.8790327524932869,1,5,1,21,23,pmi_expandido
vasco,nao_misogino,1.7774216020821207,-1.7774216020821207,-0.11426989082316179,1.6631517112589589,2,10,0,17,21,semente+pmi
qnd,nao_misogino,1.7774216020821207,-1.7774216020821207,-1.3324273301410543,0.44499427194106644,2,10,3,65,71,pmi_expandido
guardar,nao_misogino,1.7774216020821207,-1.7774216020821207,-1.0950991438348878,0.6823224582472329,1,5,1,25,28,pmi_expandido
contratação,nao_misogino,1.7774216020821207,-1.7774216020821207,-0.30186850471796006,1.4755530973641606,3,15,0,35,38,semente+pmi
baiano,nao_misogino,1.7774216020821207,-1.7774216020821207,-1.1640920153218395,0.6133295867602813,1,5,3,24,30,pmi_expandido
dio,nao_misogino,1.7774216020821207,-1.7774216020821207,-0.5354833558994654,1.2419382461826554,1,5,0,15,16,semente+pmi
sol,nao_misogino,1.7774216020821207,-1.7774216020821207,-1.5470842675779453,0.2303373345041755,1,5,2,41,44,pmi_expandido
mana,nao_misogino,1.7774216020821205,-1.7774216020821205,-0.8074170713831071,0.9700045306990135,1,5,2,19,21,pmi_expandido
desmatamento,nao_misogino,1.7774216020821205,-1.7774216020821205,-0.8539370870179999,0.9234845150641208,1,5,0,19,22,semente+pmi
kkkkkkkkkkkkk,nao_misogino,1.7774216020821205,-1.7774216020821205,-1.8737684978329952,-0.09634689575087466,1,5,3,58,61,pmi_expandido
luiz,nao_misogino,1.7774216020821205,-1.7774216020821205,-0.7586269072136751,1.0187946948684454,1,5,1,19,20,pmi_expandido
alcançar,nao_misogino,1.7774216020821205,-1.7774216020821205,-0.16078990645805455,1.616631695624066,1,5,1,9,11,pmi_expandido
musica,nao_misogino,1.7774216020821205,-1.7774216020821205,-1.7518786802239585,0.025542921858162086,1,5,3,46,54,pmi_expandido
faculdade,nao_misogino,1.7774216020821205,-1.7774216020821205,-1.4517740877736203,0.3256475143085002,1,5,7,32,40,pmi_expandido
tricolor,nao_misogino,1.7774216020821205,-1.7774216020821205,-0.32784399112122076,1.4495776109608998,1,5,0,13,13,pmi_expandido
sobra,nao_misogino,1.7774216020821205,-1.7774216020821205,0.1576638246604799,1.9350854267426005,1,5,2,6,8,pmi_expandido
torcida,nao_misogino,1.7774216020821205,-1.7774216020821205,-1.0587314996640131,0.7186901024181074,2,10,3,46,54,pmi_expandido
data,nao_misogino,1.7774216020821205,-1.7774216020821205,-0.40195196327494254,1.375469638807178,2,10,2,26,28,pmi_expandido
buscar,nao_misogino,1.7774216020821205,-1.7774216020821205,-0.7833195198040465,0.9941020822780742,2,10,4,36,41,pmi_expandido
dani,nao_misogino,1.7764803965659621,-1.7764803965659621,0.0,1.7764803965659621,0,8,0,15,15,semente+pmi
psg,nao_misogino,1.7691002892683396,-1.7691002892683396,0.0,1.7691002892683396,0,9,0,16,17,semente+pmi
porrar,nao_misogino,1.752103794097831,-1.752103794097831,-1.4391953055667603,0.3129084885310707,8,39,7,308,316,pmi_expandido
amer,nao_misogino,1.72612830769457,-1.72612830769457,-1.2207873589983849,0.5053409486961852,8,38,4,240,254,pmi_expandido
atravessar,nao_misogino,1.711941875428391,-1.711941875428391,0.0,1.711941875428391,0,4,0,8,8,pmi_expandido
fem,nao_misogino,1.711941875428391,-1.711941875428391,0.0,1.711941875428391,0,3,0,6,6,pmi_expandido
chan,nao_misogino,1.711941875428391,-1.711941875428391,0.0,1.711941875428391,0,4,0,6,8,pmi_expandido
luis,nao_misogino,1.711941875428391,-1.711941875428391,0.0,1.711941875428391,0,3,0,5,6,pmi_expandido
trailer,nao_misogino,1.711941875428391,-1.711941875428391,0.0,1.711941875428391,0,3,0,6,6,pmi_expandido
hoseok,nao_misogino,1.711941875428391,-1.711941875428391,0.0,1.711941875428391,0,6,0,12,12,semente+pmi
sapato,nao_misogino,1.711941875428391,-1.711941875428391,0.0,1.711941875428391,0,3,0,5,6,pmi_expandido
cópia,nao_misogino,1.711941875428391,-1.711941875428391,0.0,1.711941875428391,0,3,0,5,6,pmi_expandido
thiago,nao_misogino,1.711941875428391,-1.711941875428391,0.0,1.711941875428391,0,4,0,7,8,pmi_expandido
eta,nao_misogino,1.711941875428391,-1.711941875428391,0.0,1.711941875428391,0,3,1,5,6,pmi_expandido
caravana,nao_misogino,1.711941875428391,-1.711941875428391,0.0,1.711941875428391,0,4,0,8,8,pmi_expandido
blusa,nao_misogino,1.711941875428391,-1.711941875428391,0.0,1.711941875428391,0,6,0,11,12,semente+pmi
poc,nao_misogino,1.711941875428391,-1.711941875428391,0.0,1.711941875428391,0,4,0,6,8,pmi_expandido
empatar,nao_misogino,1.7119418754283908,-1.7119418754283908,0.0,1.7119418754283908,0,5,0,10,10,pmi_expandido
atlético,nao_misogino,1.7119418754283908,-1.7119418754283908,0.0,1.7119418754283908,0,5,0,10,10,pmi_expandido
central,nao_misogino,1.7119418754283908,-1.7119418754283908,0.0,1.7119418754283908,0,5,0,10,10,pmi_expandido
flu,nao_misogino,1.7119418754283908,-1.7119418754283908,0.0,1.7119418754283908,0,5,0,10,10,pmi_expandido
amanhã,nao_misogino,1.7084287305951693,-1.7084287305951693,-1.2286305364594108,0.4797981941357586,3,14,6,87,96,pmi_expandido
música,nao_misogino,1.69403999314307,-1.69403999314307,-1.0661116069616359,0.6279283861814341,5,23,4,126,136,pmi_expandido
msg,nao_misogino,1.6720610864242946,-1.6720610864242946,-0.5662550145662192,1.1058060718580753,2,9,1,31,33,pmi_expandido
bahia,nao_misogino,1.6720610864242946,-1.6720610864242946,-0.8074170713831071,0.8646440150411874,2,9,3,38,42,pmi_expandido
fam,nao_misogino,1.6720610864242944,-1.6720610864242944,0.22220234579805112,1.8942634322223455,2,9,0,13,15,pmi_expandido
saudade,nao_misogino,1.6720610864242944,-1.6720610864242944,-1.3872355666360492,0.2848255197882452,4,18,11,138,150,pmi_expandido
mds,nao_misogino,1.6720610864242944,-1.6720610864242944,-1.4517740877736203,0.22028699865067408,2,9,2,76,80,pmi_expandido
papo,nao_misogino,1.6720610864242942,-1.6720610864242942,-1.0400393666518606,0.6320217197724337,2,9,8,44,53,pmi_expandido
seleção,nao_misogino,1.6578746541581153,-1.6578746541581153,0.0,1.6578746541581153,0,9,0,18,19,semente+pmi
conheci,nao_misogino,1.6249304984387611,-1.6249304984387611,0.0,1.6249304984387611,0,11,0,24,24,semente+pmi
taehyung,nao_misogino,1.616631695624066,-1.616631695624066,0.0,1.616631695624066,0,5,0,9,11,pmi_expandido
agr,nao_misogino,1.6149026725843458,-1.6149026725843458,-1.1301904636461582,0.48471220893818767,4,17,4,112,116,pmi_expandido
neurose,nao_misogino,1.5941588397720075,-1.5941588397720075,0.0,1.5941588397720075,0,4,0,9,9,pmi_expandido
jogão,nao_misogino,1.5941588397720075,-1.5941588397720075,0.0,1.5941588397720075,0,4,0,9,9,semente+pmi
ritmo,nao_misogino,1.5941588397720075,-1.5941588397720075,0.0,1.5941588397720075,0,4,0,9,9,pmi_expandido
filipe,nao_misogino,1.5941588397720075,-1.5941588397720075,0.0,1.5941588397720075,0,4,0,9,9,pmi_expandido
baixa,nao_misogino,1.5941588397720075,-1.5941588397720075,0.0,1.5941588397720075,0,4,0,9,9,pmi_expandido
casaco,nao_misogino,1.578410482803868,-1.578410482803868,0.0,1.578410482803868,0,7,0,15,16,semente+pmi
galvão,nao_misogino,1.5577911956011328,-1.5577911956011328,0.0,1.5577911956011328,0,3,0,6,7,pmi_expandido
djonga,nao_misogino,1.5577911956011328,-1.5577911956011328,0.0,1.5577911956011328,0,3,0,7,7,pmi_expandido
urubu,nao_misogino,1.5577911956011328,-1.5577911956011328,0.0,1.5577911956011328,0,3,1,6,7,pmi_expandido
aprendizado,nao_misogino,1.5577911956011328,-1.5577911956011328,0.0,1.5577911956011328,0,6,0,14,14,semente+pmi
duelo,nao_misogino,1.5577911956011328,-1.5577911956011328,0.0,1.5577911956011328,0,3,1,6,7,pmi_expandido
olímpico,nao_misogino,1.5577911956011328,-1.5577911956011328,0.0,1.5577911956011328,0,3,0,7,7,pmi_expandido
day,nao_misogino,1.5577911956011328,-1.5577911956011328,0.0,1.5577911956011328,0,3,0,6,7,pmi_expandido
arquivo,nao_misogino,1.5577911956011328,-1.5577911956011328,0.0,1.5577911956011328,0,3,1,6,7,pmi_expandido
feat,nao_misogino,1.5577911956011328,-1.5577911956011328,0.0,1.5577911956011328,0,6,2,12,14,pmi_expandido
bato,nao_misogino,1.5577911956011328,-1.5577911956011328,0.0,1.5577911956011328,0,3,1,5,7,pmi_expandido
amoar,nao_misogino,1.5577911956011328,-1.5577911956011328,0.0,1.5577911956011328,0,3,0,7,7,pmi_expandido
patamar,nao_misogino,1.5577911956011328,-1.5577911956011328,0.0,1.5577911956011328,0,3,0,7,7,pmi_expandido
brigar,nao_misogino,1.5542780507679113,-1.5542780507679113,-1.5240947493532466,0.03018330141466459,1,4,5,38,43,pmi_expandido
principal,nao_misogino,1.5542780507679113,-1.5542780507679113,-0.9817704585278849,0.5725075922400262,1,4,1,23,25,pmi_expandido
nude,nao_misogino,1.5542780507679113,-1.5542780507679113,-0.9817704585278849,0.5725075922400262,1,4,1,21,25,pmi_expandido
roma,nao_misogino,1.5542780507679113,-1.5542780507679113,-0.5961079777159003,0.958170073052011,1,4,0,15,17,semente+pmi
kkkkkkkkkkkkkkkkkkkkk,nao_misogino,1.5542780507679113,-1.5542780507679113,-0.8074170713831071,0.746860979384804,1,4,0,21,21,semente+pmi
bixa,nao_misogino,1.5542780507679113,-1.5542780507679113,-0.8983888495888339,0.6558892011790773,1,4,2,21,23,pmi_expandido
amo,nao_misogino,1.5542780507679113,-1.5542780507679113,-1.318242695149098,0.2360353556188133,1,4,1,34,35,pmi_expandido
dou,nao_misogino,1.5542780507679113,-1.5542780507679113,-0.9198950548097974,0.6343829959581138,2,8,8,39,47,pmi_expandido
animar,nao_misogino,1.5542780507679113,-1.5542780507679113,-0.4709448347618942,1.083333216006017,1,4,2,13,15,pmi_expandido
honrar,nao_misogino,1.5542780507679113,-1.5542780507679113,-0.4709448347618942,1.083333216006017,1,4,2,13,15,pmi_expandido
tweet,nao_misogino,1.5542780507679113,-1.5542780507679113,-0.92696222203289,0.6273158287350211,3,12,4,64,71,pmi_expandido
inédito,nao_misogino,1.5542780507679113,-1.5542780507679113,0.4453458971122609,1.999623947880172,1,4,0,5,6,pmi_expandido
inflamar,nao_misogino,1.5542780507679113,-1.5542780507679113,0.6276674539062156,2.1819455046741267,1,4,1,4,5,pmi_expandido
detalhe,nao_misogino,1.5542780507679113,-1.5542780507679113,-0.8074170713831071,0.746860979384804,1,4,2,18,21,pmi_expandido
bandeira,nao_misogino,1.5542780507679113,-1.5542780507679113,-0.5961079777159003,0.958170073052011,1,4,4,12,17,pmi_expandido
cartão,nao_misogino,1.5542780507679113,-1.5542780507679113,-0.9817704585278849,0.5725075922400262,1,4,0,24,25,semente+pmi
sdds,nao_misogino,1.554278050767911,-1.554278050767911,-0.5662550145662192,0.9880230362016919,2,8,2,31,33,pmi_expandido
edição,nao_misogino,1.554278050767911,-1.554278050767911,-0.7586269072136751,0.7956511435542359,1,4,2,17,20,pmi_expandido
engordar,nao_misogino,1.554278050767911,-1.554278050767911,-1.1301904636461582,0.4240875871217529,1,4,2,23,29,pmi_expandido
bolo,nao_misogino,1.554278050767911,-1.554278050767911,-0.9409484640076297,0.6133295867602814,1,4,2,19,24,pmi_expandido
som,nao_misogino,1.554278050767911,-1.554278050767911,-1.1968818381448303,0.3573962126230807,1,4,0,31,31,semente+pmi
pneu,nao_misogino,1.554278050767911,-1.554278050767911,0.2911952172850028,1.8454732680529138,1,4,2,4,7,pmi_expandido
vtnc,nao_misogino,1.554278050767911,-1.554278050767911,-2.273754140176534,-0.7194760894086232,1,4,0,91,91,semente+pmi
diga,nao_misogino,1.554278050767911,-1.554278050767911,-1.2594021951261645,0.29487585564174656,1,4,5,28,33,pmi_expandido
solo,nao_misogino,1.554278050767911,-1.554278050767911,-0.9409484640076297,0.6133295867602814,1,4,1,21,24,pmi_expandido
tamb,nao_misogino,1.554278050767911,-1.554278050767911,0.03988078900409638,1.5941588397720075,1,4,0,9,9,pmi_expandido
dallagnol,nao_misogino,1.554278050767911,-1.554278050767911,0.03988078900409638,1.5941588397720075,2,8,1,16,18,pmi_expandido
flamenguista,nao_misogino,1.554278050767911,-1.554278050767911,-0.06547972665372975,1.4887983241141813,1,4,0,10,10,pmi_expandido
mano,nao_misogino,1.554278050767911,-1.554278050767911,-1.2345652719792253,0.3197127787886857,21,84,22,636,676,pmi_expandido
subir,nao_misogino,1.554278050767911,-1.554278050767911,-0.5037346575848851,1.050543393183026,2,8,2,28,31,pmi_expandido
fav,nao_misogino,1.554278050767911,-1.554278050767911,-0.09826954947672067,1.4560085012911903,3,12,3,27,31,pmi_expandido
voc,nao_misogino,1.554278050767911,-1.554278050767911,-1.1968818381448303,0.3573962126230807,1,4,1,28,31,pmi_expandido
exonerar,nao_misogino,1.554278050767911,-1.554278050767911,-0.2478012834476844,1.3064767673202267,1,4,0,12,12,pmi_expandido
guri,nao_misogino,1.554278050767911,-1.554278050767911,-0.5354833558994654,1.0187946948684456,1,4,1,15,16,pmi_expandido
água,nao_misogino,1.554278050767911,-1.554278050767911,-1.5356555717543225,0.018622479013588565,2,8,5,76,87,pmi_expandido
gostoso,nao_misogino,1.554278050767911,-1.554278050767911,-1.14388930800432,0.410388742763591,5,20,13,129,147,pmi_expandido
google,nao_misogino,1.554278050767911,-1.554278050767911,-0.6532663915558489,0.9010116592120622,1,4,2,15,18,pmi_expandido
fumaça,nao_misogino,1.554278050767911,-1.554278050767911,-0.5354833558994654,1.0187946948684456,1,4,2,12,16,pmi_expandido
fandom,nao_misogino,1.554278050767911,-1.554278050767911,-0.7586269072136751,0.7956511435542359,1,4,1,19,20,pmi_expandido
bruno,nao_misogino,1.554278050767911,-1.554278050767911,-1.6130422353697427,-0.058764184601831596,1,4,8,39,47,pmi_expandido
status,nao_misogino,1.554278050767911,-1.554278050767911,-0.2478012834476844,1.3064767673202267,1,4,2,10,12,pmi_expandido
vier,nao_misogino,1.554278050767911,-1.554278050767911,-1.3738125463039086,0.18046550446400253,1,4,5,31,37,pmi_expandido
episódio,nao_misogino,1.5542780507679108,-1.5542780507679108,-1.0587314996640131,0.4955465511038978,1,4,1,26,27,pmi_expandido
kkkkkkkkkkkkkk,nao_misogino,1.5542780507679108,-1.5542780507679108,-1.4764667003639917,0.07781135040391914,1,4,4,37,41,pmi_expandido
eliminar,nao_misogino,1.5542780507679108,-1.5542780507679108,-0.16078990645805455,1.3934881443098563,1,4,2,9,11,pmi_expandido
fase,nao_misogino,1.5542780507679108,-1.5542780507679108,-0.8539370870179999,0.7003409637499111,2,8,4,32,44,pmi_expandido
acessar,nao_misogino,1.5542780507679108,-1.5542780507679108,-0.7073336128261244,0.8469444379417864,1,4,2,17,19,pmi_expandido
sentimento,nao_misogino,1.5542780507679108,-1.5542780507679108,-1.7141383522411113,-0.1598603014732005,1,4,4,48,52,pmi_expandido
leve,nao_misogino,1.5542780507679108,-1.5542780507679108,-0.32784399112122076,1.22643405964669,1,4,0,12,13,semente+pmi
saiar,nao_misogino,1.5542780507679108,-1.5542780507679108,-1.0587314996640131,0.4955465511038978,1,4,2,25,27,pmi_expandido
indicar,nao_misogino,1.5542780507679108,-1.5542780507679108,-1.0587314996640131,0.4955465511038978,1,4,4,21,27,pmi_expandido
ultimo,nao_misogino,1.5542780507679108,-1.5542780507679108,-0.7073336128261244,0.8469444379417864,1,4,1,18,19,pmi_expandido
negócio,nao_misogino,1.5542780507679108,-1.5542780507679108,-1.7331865472118058,-0.17890849644389498,1,4,6,46,53,pmi_expandido
lava,nao_misogino,1.5542780507679108,-1.5542780507679108,-0.3778544116958823,1.1764236390720286,3,12,3,34,41,pmi_expandido
vey,nao_misogino,1.5542780507679108,-1.5542780507679108,-0.40195196327494254,1.1523260874929684,1,4,2,12,14,pmi_expandido
plano,nao_misogino,1.5542780507679108,-1.5542780507679108,-1.8059459014942343,-0.25166785072632336,1,4,6,46,57,pmi_expandido
aviso,nao_misogino,1.5542780507679108,-1.5542780507679108,-0.8539370870179999,0.7003409637499111,1,4,1,20,22,pmi_expandido
exaltar,nao_misogino,1.5542780507679108,-1.5542780507679108,-0.32784399112122076,1.22643405964669,1,4,1,11,13,pmi_expandido
furar,nao_misogino,1.5400916185017317,-1.5400916185017317,0.0,1.5400916185017317,0,8,2,15,19,pmi_expandido
vis,nao_misogino,1.5296203186344364,-1.5296203186344364,0.0,1.5296203186344364,0,5,0,8,12,pmi_expandido
