term,polarity,score_norm,freq_mis,freq_non,tfidf_mis,tfidf_non,score_mis,score_non,origem
bandida,misogino,6054330.557692501,8,0,6.0543305576925,0.0,6054330.557692501,0.0,tfidf_seed
crápula,misogino,5103739.725252866,10,0,5.103739725252866,0.0,5103739.725252866,0.0,tfidf_seed
pirralho,misogino,4704885.908404091,7,0,4.7048859084040915,0.0,4704885.908404091,0.0,tfidf_seed
fantoche,misogino,4062476.4596182443,9,0,4.062476459618244,0.0,4062476.4596182443,0.0,tfidf_seed
pepa,misogino,3931034.6045842622,6,0,3.931034604584262,0.0,3931034.6045842622,0.0,tfidf_seed
caducar,misogino,3794282.0687381853,5,0,3.7942820687381853,0.0,3794282.0687381853,0.0,tfidf_seed
gagá,misogino,3539979.80483596,6,0,3.5399798048359594,0.0,3539979.80483596,0.0,tfidf_seed
calhorda,misogino,3159315.3715769625,5,0,3.1593153715769624,0.0,3159315.3715769625,0.0,tfidf_seed
molusco,misogino,2752702.87608217,6,0,2.7527028760821697,0.0,2752702.87608217,0.0,tfidf_seed
investidor,misogino,2736882.9576457315,7,0,2.736882957645731,0.0,2736882.9576457315,0.0,tfidf_seed
abutr,misogino,2605311.9327880093,5,0,2.605311932788009,0.0,2605311.9327880093,0.0,tfidf_seed
cafajeste,misogino,2254727.4954312188,5,0,2.2547274954312186,0.0,2254727.4954312188,0.0,tfidf_seed
recorrer,misogino,2196819.7668788764,5,0,2.1968197668788765,0.0,2196819.7668788764,0.0,tfidf_seed
moralista,misogino,2161480.7435379177,5,0,2.1614807435379175,0.0,2161480.7435379177,0.0,tfidf_seed
pirralha,misogino,87.58214230056427,117,2,53.58868843744826,0.6118667510027407,87.58214230056427,0.011417833826985937,tfidf_seed
miliciano,misogino,27.063844995603215,25,1,13.673945350946672,0.5052466968135214,27.063844995603215,0.036949588936959835,tfidf_seed
globolixo,misogino,26.6483824263799,49,3,29.46028480425081,1.105517689010082,26.6483824263799,0.037525694637034625,tfidf_seed
carniça,misogino,19.931741026472412,9,1,6.299350747958468,0.3160451868128812,19.931741026472412,0.050171065128297845,tfidf_seed
devolva,misogino,11.363268864916924,6,1,4.232614059897246,0.37248108329955687,11.363268864916924,0.08800258894996217,tfidf_seed
facista,misogino,11.197789588189194,10,1,4.772356437982433,0.4261863649613893,11.197789588189194,0.08930311077905437,tfidf_seed
cadeiar,misogino,10.799318917176922,5,1,3.485740195063161,0.3227730769391388,10.799318917176922,0.09259811870034436,tfidf_seed
babão,misogino,10.511307420139307,5,1,3.321075810106068,0.3159516857470651,10.511307420139307,0.09513531418051553,tfidf_seed
presos,misogino,10.12048443364077,8,1,3.2404786972898254,0.32018907771193095,10.12048443364077,0.09880916025479838,tfidf_seed
jaula,misogino,9.639825135236013,6,1,3.398063675269002,0.3525016260951784,9.639825135236013,0.10373599674563969,tfidf_seed
feminazi,misogino,9.437258937801056,18,2,7.563852595956995,0.801487297164327,9.437258937801056,0.1059628252975091,tfidf_seed
rebelde,misogino,8.922214152914329,7,1,3.681320473953036,0.41260067160979647,8.922214152914329,0.11207950039927976,tfidf_seed
luladr,misogino,8.841434677809278,12,2,6.0834107663611166,0.6880559713000987,8.841434677809278,0.11310363291611766,tfidf_seed
propina,misogino,8.51819000208255,23,4,11.73494952563614,1.3776331596943892,8.51819000208255,0.11739573649542158,tfidf_seed
marionete,misogino,8.38496478816442,5,1,2.320266586248506,0.2767165110292197,8.38496478816442,0.11926060281548177,tfidf_seed
traíra,misogino,7.874131458487292,14,2,8.633341903760355,1.0964173096606462,7.874131458487292,0.12699800319330404,tfidf_seed
demônio,misogino,7.755651961896014,37,8,21.703784236343527,2.798446421696529,7.755651961896014,0.1289381732828088,tfidf_seed
débil,misogino,7.556016377261439,6,1,3.988957309461492,0.5279170338287233,7.556016377261439,0.13234458544641745,tfidf_seed
machão,misogino,7.479477310579228,5,1,2.1303337461129077,0.2848228797515558,7.479477310579228,0.13369865006955117,tfidf_seed
caduco,misogino,7.394568382616585,6,1,3.5802517060632657,0.4841721823698932,7.394568382616585,0.13523408041838303,tfidf_seed
leilane,misogino,6.9899082679433455,7,1,3.6184712112039814,0.5176697722759073,6.9899082679433455,0.14306307802310356,tfidf_seed
repugnante,misogino,6.948304543156664,8,1,3.6602986581225636,0.5267891882233365,6.948304543156664,0.14391968893976745,tfidf_seed
baderneiro,misogino,6.310083783251278,5,1,2.8219712961697327,0.44721513739266533,6.310083783251278,0.1584760906404613,tfidf_seed
traste,misogino,6.297804489807312,6,1,3.217675976284917,0.5109192709440358,6.297804489807312,0.15878513434059366,tfidf_seed
chile,misogino,6.180869830944893,9,2,3.9701343587945175,0.6423251559267602,6.180869830944893,0.1617892333327885,tfidf_seed
fufa,misogino,6.072536995988155,94,14,48.19554674993612,7.936640107625477,6.072536995988155,0.16467579430375903,tfidf_seed
ladroes,misogino,5.9932490447410744,5,1,1.9004463723203442,0.3170968476170514,5.9932490447410744,0.16685379044718993,tfidf_seed
escrota,misogino,5.944400277067939,7,2,4.133631391703064,0.6953814101734225,5.944400277067939,0.16822526637085017,tfidf_seed
gentalha,misogino,5.880379601177176,12,3,7.3684144988178994,1.2530498230017733,5.880379601177176,0.1700568898703931,tfidf_seed
mariquice,misogino,5.374630346090977,5,1,2.32186129885279,0.4320029052623411,5.374630346090977,0.1860587966288051,tfidf_seed
inelegível,misogino,5.230407350588483,5,1,2.7743450752529393,0.5304251961433639,5.230407350588483,0.1911892683017221,tfidf_seed
papuda,misogino,5.044300217819174,7,2,4.511474750201618,0.8943697859148965,5.044300217819174,0.19824328788089507,tfidf_seed
elegeur,misogino,5.001834128401382,9,3,4.220692248701373,0.8438279116257306,5.001834128401382,0.19992637747018463,tfidf_seed
incitação,misogino,4.766320776416121,7,2,3.5250505651825255,0.7395737643810645,4.766320776416121,0.20980509099099368,tfidf_seed
farinha,misogino,4.671810033141624,9,3,5.063992402802002,1.0839455575180184,4.671810033141624,0.21404955956661614,tfidf_seed
demoníaco,misogino,4.514998573443845,5,1,2.8405349697078046,0.6291320824366502,4.514998573443845,0.22148358237525387,tfidf_seed
bachelet,misogino,4.349510101703341,13,3,6.742723868436801,1.550225050928411,4.349510101703341,0.2299107677053724,tfidf_seed
custa,misogino,4.3176411595491055,9,2,3.9773738259145652,0.9211903818076362,4.3176411595491055,0.2316076362241811,tfidf_seed
emissora,misogino,4.278887816370646,11,3,5.515584958139758,1.2890220346861674,4.278887816370646,0.23370536593376126,tfidf_seed
picareta,misogino,4.162788329472097,5,2,2.993447093128062,0.7190956381679261,4.162788329472097,0.24022318603710716,tfidf_seed
forabolsonarar,misogino,3.9668679297504275,5,2,3.2452224919770245,0.8180808089855578,3.9668679297504275,0.2520876639183868,tfidf_seed
condenado,misogino,3.948349356008776,7,2,3.325427076245933,0.8422312283070388,3.948349356008776,0.2532700178732572,tfidf_seed
senar,misogino,3.8554821778939123,7,2,3.276476714715752,0.8498218142518748,3.8554821778939123,0.2593705461309998,tfidf_seed
safar,misogino,3.6770017224269584,41,12,21.038470448395472,5.7216363655950575,3.6770017224269584,0.27196064978529727,tfidf_seed
profeta,misogino,3.669458427263893,6,2,3.008017221373577,0.8197431886857633,3.669458427263893,0.27251935605344735,tfidf_seed
corrupta,misogino,3.644803022359818,14,4,6.976316384139951,1.9140438307747378,3.644803022359818,0.2743630665551641,tfidf_seed
satanás,misogino,3.6413896890215636,15,5,8.571762392730108,2.353980068978456,3.6413896890215636,0.2746202806968419,tfidf_seed
desgoverno,misogino,3.579143408037916,11,3,5.695012695950841,1.5911653900253842,3.579143408037916,0.27939623589609697,tfidf_seed
esquerdopata,misogino,3.5124898250539687,36,13,18.136050917751323,5.163302474472745,3.5124898250539687,0.2846982627690305,tfidf_seed
oportunista,misogino,3.4646707029372177,12,4,5.194036336683401,1.499141857149481,3.4646707029372177,0.28862747030361985,tfidf_seed
baderna,misogino,3.381969671711479,5,1,2.365756386906174,0.699519284494142,3.381969671711479,0.29568513169008437,tfidf_seed
asneira,misogino,3.3768883904557603,10,3,5.106376297139329,1.5121532990794995,3.3768883904557603,0.2961303505572592,tfidf_seed
gorda,misogino,3.2917265339122483,15,6,7.460846934517951,2.2665441876558723,3.2917265339122483,0.3037917683819292,tfidf_seed
nojento,misogino,3.2548849501001484,60,26,34.61808190593473,10.635730350464348,3.2548849501001484,0.3072304835413349,tfidf_seed
mst,misogino,3.2504300414765157,5,2,2.131492840325711,0.6557561807813698,3.2504300414765157,0.3076509856022687,tfidf_seed
incentivar,misogino,3.21120306922338,13,4,6.0342306024522125,1.879117346729649,3.21120306922338,0.3114095498034922,tfidf_seed
cadeia,misogino,3.1978359945625434,89,31,41.72508065762091,13.047910377746813,3.1978359945625434,0.3127114402031055,tfidf_seed
ordinário,misogino,3.165666755893828,13,6,6.877487265720376,2.172523082933206,3.165666755893828,0.31588902794087825,tfidf_seed
cavar,misogino,3.1474267913382317,5,2,2.524835534594492,0.8021893929720874,3.1474267913382317,0.31771933825447635,tfidf_seed
peste,misogino,3.1115910031170184,5,2,3.4744860550286165,1.1166258483062428,3.1115910031170184,0.321378618086993,tfidf_seed
barbaridade,misogino,3.1037051167777303,7,2,3.613962320075628,1.1644016040165979,3.1037051167777303,0.3221951915085377,tfidf_seed
pastor,misogino,3.0956026828162404,52,19,29.134050160194,9.41142971167297,3.0956026828162404,0.32303882696999764,tfidf_seed
criatura,misogino,3.043092948086792,18,7,8.618057155566099,2.8320048909092197,3.043092948086792,0.3286128777258399,tfidf_seed
petralha,misogino,3.0283864232849727,10,5,5.4337164343950555,1.794260258277917,3.0283864232849727,0.33020860579175015,tfidf_seed
elegeu,misogino,3.0201156366140762,7,2,2.8668310105524486,0.9492444447097004,3.0201156366140762,0.331112685087808,tfidf_seed
gaja,misogino,3.003251843394239,7,2,3.4561089213183456,1.1507879119988995,3.003251843394239,0.33297202293841605,tfidf_seed
quintal,misogino,2.9557818760075274,7,3,3.3312723383254825,1.1270349174220065,2.9557818760075274,0.3383195562056545,tfidf_seed
condenação,misogino,2.927691265089808,5,3,2.764116685449606,0.9441274736574897,2.927691265089808,0.3415655847894623,tfidf_seed
bandidagem,misogino,2.912398069992686,11,4,5.689879568636877,1.9536740924474985,2.912398069992686,0.3433594200933359,tfidf_seed
oas,misogino,2.9092693996239003,7,2,3.1504311829806637,1.0828932769576238,2.9092693996239003,0.3437284836054096,tfidf_seed
incompetente,misogino,2.859447084476628,10,4,5.747295915259497,2.0099316007676196,2.859447084476628,0.34971772476746465,tfidf_seed
imundo,misogino,2.841671834268632,21,8,9.964364162929439,3.506513736418884,2.841671834268632,0.35190538273970673,tfidf_seed
vigarista,misogino,2.821945435062432,7,3,3.2380424408790667,1.1474494080223046,2.821945435062432,0.3543650445006982,tfidf_seed
saquear,misogino,2.8080116403470465,6,2,3.0557880114915195,1.0882380826249745,2.8080116403470465,0.3561234360528737,tfidf_seed
ladrao,misogino,2.69077821573076,7,3,4.175000171140944,1.5515947973545212,2.69077821573076,0.37163936817064447,tfidf_seed
parasita,misogino,2.680632333398362,7,4,4.0836876919012655,1.5234036239844408,2.680632333398362,0.3730459736085273,tfidf_seed
chuck,misogino,2.662731082523054,8,3,4.16695294112726,1.5649159262631245,2.662731082523054,0.37555392941055105,tfidf_seed
traidor,misogino,2.6042733121107853,39,18,17.291716853012662,6.639746361615275,2.6042733121107853,0.38398419509594645,tfidf_seed
bozo,misogino,2.538669099680493,24,12,11.630607899650405,4.581379023538392,2.538669099680493,0.39390706566326894,tfidf_seed
asqueroso,misogino,2.497254976372843,14,7,9.000508441455473,3.604159779180158,2.497254976372843,0.4004395309647416,tfidf_seed
ladra,misogino,2.4786987709334465,7,4,3.952898974107814,1.5947466234150078,2.4786987709334465,0.40343713067896403,tfidf_seed
desinformar,misogino,2.464033962866497,5,2,2.6797656333264537,1.0875512308990372,2.464033962866497,0.40583803730291085,tfidf_seed
estrume,misogino,2.4438661746095756,5,2,2.4211584678223,0.9907072854932091,2.4438661746095756,0.4091871265234321,tfidf_seed
mocinha,misogino,2.432069381408863,5,2,2.6432308166965726,1.0868227711069687,2.432069381408863,0.4111719464943659,tfidf_seed
máscara,misogino,2.4195099945344243,6,4,3.536839805612747,1.461799039513094,2.4195099945344243,0.41330642792667105,tfidf_seed
incitar,misogino,2.4117957071315255,7,3,3.644822107407951,1.5112472772195198,2.4117957071315255,0.4146284285094584,tfidf_seed
feliciano,misogino,2.3616558322981223,13,7,6.731797016063294,2.8504554145202294,2.3616558322981223,0.42343151231194465,tfidf_seed
chileno,misogino,2.314853767687394,6,3,2.6138795044190335,1.1291759445248264,2.314853767687394,0.4319921827397383,tfidf_seed
besteira,misogino,2.293256303233515,16,10,7.865933716100505,3.430027167810749,2.293256303233515,0.43606097579095676,tfidf_seed
esquerdalha,misogino,2.269482510029433,18,8,8.229539541902236,3.6261734717281415,2.269482510029433,0.4406289091432025,tfidf_seed
porca,misogino,2.2597303215692706,11,5,6.29682611027649,2.7865377520682806,2.2597303215692706,0.4425304527609819,tfidf_seed
mesquita,misogino,2.2400906542451264,7,3,3.0535420135638196,1.3631322320310997,2.2400906542451264,0.44641003122473616,tfidf_seed
imbecilidade,misogino,2.2343168089463648,6,3,3.0425066482142835,1.3617157610393786,2.2343168089463648,0.44756362792994137,tfidf_seed
cínico,misogino,2.2189074897655674,6,4,4.644062641186723,2.092949094858339,2.2189074897655674,0.4506719236783577,tfidf_seed
jumento,misogino,2.218496831397873,8,4,3.307216029014417,1.4907453387858631,2.218496831397873,0.4507552197837224,tfidf_seed
protetor,misogino,2.2139574327028315,5,3,2.081683686143864,0.9402536116717854,2.2139574327028315,0.4516791702078194,tfidf_seed
marginal,misogino,2.1956428862247366,15,9,7.849551090442386,3.575057193520337,2.1956428862247366,0.45544728569587123,tfidf_seed
ibope,misogino,2.1659908053390575,10,5,4.446398365543264,2.052823210787561,2.1659908053390575,0.4616821481884017,tfidf_seed
vadia,misogino,2.13071936534306,17,9,8.795197093044633,4.127805428242862,2.13071936534306,0.46932489576410896,tfidf_seed
canalhice,misogino,2.116786743901577,6,3,3.0287697711674504,1.430832682180446,2.116786743901577,0.4724136589673065,tfidf_seed
sujeito,misogino,2.0598949689051067,17,13,8.464934971487555,4.109400255534359,2.0598949689051067,0.48546146945187213,tfidf_seed
silvio,misogino,2.055537484350519,9,4,4.898477736638382,2.3830631736928174,2.055537484350519,0.48649045996027174,tfidf_seed
discórdia,misogino,2.0469012324387186,5,2,1.553188599371675,0.7587989727379006,2.0469012324387186,0.48854239884484424,tfidf_seed
manipular,misogino,2.0422617907433076,19,12,8.16852033096859,3.999741035028502,2.0422617907433076,0.489653007315368,tfidf_seed
nojentar,misogino,2.03711542342026,18,13,10.273799745945931,5.043306624020884,2.03711542342026,0.4908900560497036,tfidf_seed
hipócrito,misogino,2.0262608898853234,11,8,5.486946972047767,2.7079163266569353,2.0262608898853234,0.4935195923948814,tfidf_seed
sapatão,misogino,2.022213481617793,132,71,69.85201334471816,34.54235270285228,2.022213481617793,0.494507610509076,tfidf_seed
escória,misogino,2.017202244439744,7,4,3.9233204612208334,1.9449306359007388,2.017202244439744,0.49573573186009795,tfidf_seed
pinguço,misogino,2.014496913808657,5,2,2.8266674288540226,1.4031619482667492,2.014496913808657,0.49640132317733987,tfidf_seed
verme,misogino,1.9975755065058378,59,32,29.34058602088092,14.688097610201483,1.9975755065058378,0.5006068078920286,tfidf_seed
rapariga,misogino,1.994980195370088,5,3,2.7559562207207176,1.3814444033762783,1.994980195370088,0.5012575641558809,tfidf_seed
imoral,misogino,1.9947377504941397,6,4,3.0252831551649813,1.5166310256462552,1.9947377504941397,0.5013185366594256,tfidf_seed
cambada,misogino,1.9893515599004943,19,10,10.11062115503689,5.082369235024027,1.9893515599004943,0.5026762109285334,tfidf_seed
podre,misogino,1.9867521497963732,41,22,18.065594500038106,9.0930277916838,1.9867521497963732,0.5033339638134054,tfidf_seed
bandido,misogino,1.9544700019488725,138,90,61.37610627067145,31.402940057919086,1.9544700019488725,0.5116476338167013,tfidf_seed
imbecil,misogino,1.9494982731565147,44,31,21.853064027427834,11.209582680238208,1.9494982731565147,0.5129524241184947,tfidf_seed
corja,misogino,1.907733492832856,29,21,15.121596698219303,7.926471306026744,1.907733492832856,0.5241821310297227,tfidf_seed
cretino,misogino,1.8942260416216983,17,11,9.026204032552641,4.765113529216937,1.8942260416216983,0.5279199300294808,tfidf_seed
perverso,misogino,1.891432366989901,5,3,2.6689738699634002,1.411085072409192,1.891432366989901,0.5286992726269252,tfidf_seed
asco,misogino,1.8823291248297311,9,4,5.5339618669099195,2.9399534393760054,1.8823291248297311,0.5312564449890554,tfidf_seed
financiar,misogino,1.8607916831993796,11,8,4.796603292340181,2.577720802847415,1.8607916831993796,0.5374053488139188,tfidf_seed
afundar,misogino,1.8442025802570594,8,4,3.823335015054181,2.0731633345392426,1.8442025802570594,0.5422393758686845,tfidf_seed
desprezível,misogino,1.8168192586094032,7,3,3.6602102092604754,2.0146243910045003,1.8168192586094032,0.5504120598033859,tfidf_seed
venezuelano,misogino,1.8107489698581334,9,4,3.6719510660090613,2.027862125774274,1.8107489698581334,0.5522572433736311,tfidf_seed
peludo,misogino,1.8091044591952636,6,3,3.0678500059762595,1.6957827842823727,1.8091044591952636,0.5527591727821659,tfidf_seed
safada,misogino,1.792386738935512,8,6,4.884305120456655,2.725027596985389,1.792386738935512,0.5579149893108285,tfidf_seed
ladrão,misogino,1.7696709845284744,43,30,20.38082904935816,11.516732464886749,1.7696709845284744,0.5650767136076206,tfidf_seed
putinha,misogino,1.761565980774962,58,36,36.693145316489534,20.829843420784737,1.761565980774962,0.5676766783944067,tfidf_seed
rato,misogino,1.7521838897293214,15,11,7.541013156486727,4.303778529471457,1.7521838897293214,0.5707161450916224,tfidf_seed
joice,misogino,1.7435849034285857,63,37,28.107787996349373,16.120686866176296,1.7435849034285857,0.573530947890282,tfidf_seed
nojo,misogino,1.6832391243636051,68,48,37.68618502474682,22.389084709373062,1.6832391243636051,0.5940926124673683,tfidf_seed
burra,misogino,1.6693233742827904,97,60,39.18959464231898,23.47633393070594,1.6693233742827904,0.5990450665776956,tfidf_seed
orgulhohetero,misogino,1.6628090945627017,5,3,3.0562790987854305,1.8380206398739354,1.6628090945627017,0.6013914237128878,tfidf_seed
congresso,misogino,1.6578515595889127,57,33,22.09402405901956,13.326900272450521,1.6578515595889127,0.6031902397526253,tfidf_seed
envergonhar,misogino,1.655867222634237,10,6,4.609766141994749,2.7838974182930443,1.655867222634237,0.6039128078578802,tfidf_seed
hipocrisia,misogino,1.6523561184039217,30,22,14.235786839168679,8.615446166994248,1.6523561184039217,0.6051963027497157,tfidf_seed
vagabunda,misogino,1.646332300247436,49,33,26.919037918413473,16.350913037444123,1.646332300247436,0.607410728406785,tfidf_seed
comunista,misogino,1.6450188886717376,72,49,31.43928523963156,19.111807050433423,1.6450188886717376,0.6078957042714783,tfidf_seed
decote,misogino,1.6362879409233406,6,4,2.994119695052475,1.8298234582569763,1.6362879409233406,0.611138843293993,tfidf_seed
canalha,misogino,1.6283790738320356,105,70,47.42955627364907,29.126850994010173,1.6283790738320356,0.6141075875104675,tfidf_seed
miserável,misogino,1.6234481689797655,11,8,5.823801715092582,3.587302756517507,1.6234481689797655,0.6159725753107829,tfidf_seed
hipócrita,misogino,1.6211403897348116,24,19,11.627210844522414,7.172240786181399,1.6211403897348116,0.6168495837254608,tfidf_seed
cassar,misogino,1.6208642598060172,6,5,3.249429782164232,2.0047503309677883,1.6208642598060172,0.6169543114971527,tfidf_seed
sapatao,misogino,1.584583301893932,61,40,32.880932858626934,20.75052238323069,1.584583301893932,0.631080688658312,tfidf_seed
ditador,misogino,1.5690378530566507,14,9,5.419337483905779,3.453922991284429,1.5690378530566507,0.6373329515293806,tfidf_seed
milícia,misogino,1.5446129390792747,6,5,3.340611610568849,2.162748984834484,1.5446129390792747,0.6474108904432965,tfidf_seed
treva,misogino,1.4973930722299507,9,5,4.016577793019424,2.6823793766086936,1.4973930722299507,0.6678269031521328,tfidf_seed
terrorista,misogino,1.4881536315169253,32,24,13.783525524786407,9.262164701760506,1.4881536315169253,0.6719735101974591,tfidf_seed
quadrilha,misogino,1.4794021759521134,19,19,10.209161396747886,6.9008685287185685,1.4794021759521134,0.6759485509719025,tfidf_seed
capeta,misogino,1.476325125493777,14,10,7.08994978881033,4.802430162606543,1.476325125493777,0.6773573337329715,tfidf_seed
contémr,misogino,1.471843238488927,6,3,2.6636479395780066,1.8097351661372647,1.471843238488927,0.6794195508451557,tfidf_seed
apresentador,misogino,1.4486710143551342,5,4,2.3989182097606037,1.655943093579083,1.4486710143551342,0.6902871454951313,tfidf_seed
minion,misogino,1.4483231190644255,7,5,3.4557518171242214,2.38603549395346,1.4483231190644255,0.6904531719195849,tfidf_seed
esgoto,misogino,1.4418768104224393,8,5,2.936467525607556,2.036558229180774,1.4418768104224393,0.6935399482136146,tfidf_seed
roberta,misogino,1.4133948820224194,9,6,4.281249541073218,3.0290530849753186,1.4133948820224194,0.7075159596280015,tfidf_seed
lascar,misogino,1.3971121317517268,8,7,4.205403663525853,3.010067818351062,1.3971121317517268,0.7157617540252097,tfidf_seed
atrocidade,misogino,1.3963800262283466,5,4,2.4709933020512973,1.7695697870625342,1.3963800262283466,0.7161367331335101,tfidf_seed
burrice,misogino,1.3934561457078145,11,9,4.9609544208059955,3.560178799046384,1.3934561457078145,0.7176397482055925,tfidf_seed
pilantra,misogino,1.3932885818126666,23,19,13.314123413507097,9.555896885982415,1.3932885818126666,0.7177262724305037,tfidf_seed
macri,misogino,1.3877810425459738,5,4,2.0102563987806024,1.4485390341632118,1.3877810425459738,0.7205739101081672,tfidf_seed
globo,misogino,1.384310395674399,73,59,32.13253872111056,23.21194541138012,1.384310395674399,0.7223812874066176,tfidf_seed
safado,misogino,1.363285524326176,29,23,13.576039570019777,9.958323450580473,1.363285524326176,0.733521927782952,tfidf_seed
muçulmano,misogino,1.3603135498266061,27,20,11.293322024318675,8.301998216105869,1.3603135498266061,0.7351244800337877,tfidf_seed
empregada,misogino,1.3599262934249863,5,4,2.4207112359713694,1.7800302029226136,1.3599262934249863,0.7353332529458353,tfidf_seed
diabo,misogino,1.3513688777360051,28,24,14.92821148020751,11.04673222447477,1.3513688777360051,0.7399902861190528,tfidf_seed
gado,misogino,1.3384966223271075,18,16,8.872873891749895,6.628983895250266,1.3384966223271075,0.7471066566501433,tfidf_seed
criminoso,misogino,1.328840677699437,43,40,16.769012405198023,12.619278862977607,1.328840677699437,0.752535558178152,tfidf_seed
infeliz,misogino,1.3282348059385092,10,8,5.063824731298069,3.812445947375432,1.3282348059385092,0.7528785842316387,tfidf_seed
sharia,misogino,1.3232318299530568,8,5,3.5563605753872394,2.6876312764344363,1.3232318299530568,0.7557249788758584,tfidf_seed
chinês,misogino,1.3225973391829278,6,5,2.733524823394164,2.066784364231019,1.3225973391829278,0.7560873749730062,tfidf_seed
roraima,misogino,1.30648250733849,6,4,2.533021934407333,1.9388094472730342,1.30648250733849,0.7654133016078156,tfidf_seed
bando,misogino,1.2964777098547844,38,35,18.42637790527713,14.212644358431213,1.2964777098547844,0.771320530826643,tfidf_seed
psicopata,misogino,1.2941966913621015,12,9,5.673773674130289,4.384010883200551,1.2941966913621015,0.7726797652345189,tfidf_seed
lésbico,misogino,1.290027392152419,8,6,3.34117668919424,2.5900034522461377,1.290027392152419,0.7751768068554128,tfidf_seed
heim,misogino,1.2890885845277635,6,6,3.885682535363404,3.014285668892394,1.2890885845277635,0.7757414214151864,tfidf_seed
uol,misogino,1.2817883740432872,7,6,2.795608007398774,2.181020504025877,1.2817883740432872,0.7801593492701069,tfidf_seed
socialista,misogino,1.2817127876955645,8,7,3.363045861849001,2.623867540701335,1.2817127876955645,0.7802054650105987,tfidf_seed
golpista,misogino,1.2783227077351846,11,10,5.9403070774273115,4.646953201378308,1.2783227077351846,0.7822747811744567,tfidf_seed
irresponsável,misogino,1.2756291945326925,8,7,4.089266630355219,3.2056849845178284,1.2756291945326925,0.783926432381576,tfidf_seed
onu,misogino,1.267999953680178,10,8,4.315329249555708,3.4032556302791392,1.267999953680178,0.7886431474461374,tfidf_seed
corrupto,misogino,1.2582483131430686,61,52,22.81339348718845,18.131073167865353,1.2582483131430686,0.7947556063192351,tfidf_seed
esquerdista,misogino,1.2493701278599214,62,52,23.719779529099657,18.985389318023596,1.2493701278599214,0.8004032454993475,tfidf_seed
salarial,misogino,1.2467773031709493,5,4,1.808618036950201,1.4506333934480624,1.2467773031709493,0.8020668608543484,tfidf_seed
armário,misogino,1.2414467285823965,6,4,2.933225523305821,2.36274679720533,1.2414467285823965,0.8055111933675188,tfidf_seed
histeria,misogino,1.2359342605505197,5,4,2.1920313034560444,1.7735814415771536,1.2359342605505197,0.8091036974139729,tfidf_seed
idiotice,misogino,1.2357146796250176,6,4,2.886308256791463,2.3357390412750005,1.2357146796250176,0.8092476701098557,tfidf_seed
caralhar,nao_misogino,58014068.417438015,0,113,0.0,58.01406841743801,0.0,58014068.417438015,tfidf_seed
vtnc,nao_misogino,48953079.29907702,0,91,0.0,48.95307929907702,0.0,48953079.29907702,tfidf_seed
carioca,nao_misogino,35370211.20862426,0,74,0.0,35.370211208624255,0.0,35370211.20862426,tfidf_seed
lir,nao_misogino,31298237.99522109,0,60,0.0,31.298237995221086,0.0,31298237.99522109,tfidf_seed
vôlei,nao_misogino,28829968.39025439,0,60,0.0,28.82996839025439,0.0,28829968.39025439,tfidf_seed
dms,nao_misogino,28624379.31899353,0,54,0.0,28.62437931899353,0.0,28624379.31899353,tfidf_seed
flamengo,nao_misogino,26685704.331145268,0,71,0.0,26.685704331145267,0.0,26685704.331145268,tfidf_seed
tóquio,nao_misogino,25558916.875980943,0,43,0.0,25.55891687598094,0.0,25558916.875980943,tfidf_seed
namoral,nao_misogino,24216971.746606357,0,51,0.0,24.216971746606355,0.0,24216971.746606357,tfidf_seed
voleinaglobar,nao_misogino,22316395.110053644,0,37,0.0,22.316395110053644,0.0,22316395.110053644,tfidf_seed
calor,nao_misogino,22056838.15330081,0,42,0.0,22.05683815330081,0.0,22056838.15330081,tfidf_seed
role,nao_misogino,21512930.444221295,0,46,0.0,21.512930444221293,0.0,21512930.444221295,tfidf_seed
hacker,nao_misogino,21493908.490145497,0,48,0.0,21.493908490145497,0.0,21493908.490145497,tfidf_seed
amg,nao_misogino,19538711.4720067,0,34,0.0,19.5387114720067,0.0,19538711.4720067,tfidf_seed
alves,nao_misogino,18359486.70006219,0,51,0.0,18.359486700062188,0.0,18359486.70006219,tfidf_seed
kkkkkkkkkkkkkkkkk,nao_misogino,17674448.961106896,0,28,0.0,17.674448961106897,0.0,17674448.961106896,tfidf_seed
baile,nao_misogino,17265674.38546983,0,32,0.0,17.26567438546983,0.0,17265674.38546983,tfidf_seed
dnv,nao_misogino,16400406.305892216,0,37,0.0,16.400406305892215,0.0,16400406.305892216,tfidf_seed
anão,nao_misogino,16110710.967027903,0,24,0.0,16.110710967027902,0.0,16110710.967027903,tfidf_seed
ressaca,nao_misogino,15866309.670833362,0,25,0.0,15.866309670833362,0.0,15866309.670833362,tfidf_seed
pprt,nao_misogino,15480390.5313819,0,28,0.0,15.480390531381898,0.0,15480390.5313819,tfidf_seed
ansioso,nao_misogino,15422495.0590635,0,27,0.0,15.422495059063499,0.0,15422495.0590635,tfidf_seed
mineiro,nao_misogino,15066485.457489062,0,27,0.0,15.066485457489062,0.0,15066485.457489062,tfidf_seed
bts,nao_misogino,14438463.042297428,0,40,0.0,14.438463042297428,0.0,14438463.042297428,tfidf_seed
gringo,nao_misogino,14244779.773618547,0,29,0.0,14.244779773618546,0.0,14244779.773618547,tfidf_seed
dormi,nao_misogino,13370244.20945828,0,20,0.0,13.37024420945828,0.0,13370244.20945828,tfidf_seed
som,nao_misogino,13265783.902137535,0,31,0.0,13.265783902137533,0.0,13265783.902137535,tfidf_seed
contratação,nao_misogino,13233656.087414563,0,35,0.0,13.233656087414563,0.0,13233656.087414563,tfidf_seed
vel,nao_misogino,12944402.999175992,0,30,0.0,12.944402999175992,0.0,12944402.999175992,tfidf_seed
serio,nao_misogino,12942705.470083568,0,27,0.0,12.942705470083567,0.0,12942705.470083568,tfidf_seed
realizar,nao_misogino,12809375.596061878,0,35,0.0,12.809375596061878,0.0,12809375.596061878,tfidf_seed
kkkkkkkkkkkkkkkkkkkkk,nao_misogino,12767854.977968855,0,21,0.0,12.767854977968854,0.0,12767854.977968855,tfidf_seed
ansiedade,nao_misogino,12636883.50222921,0,26,0.0,12.63688350222921,0.0,12636883.50222921,tfidf_seed
tamo,nao_misogino,12617792.972731309,0,23,0.0,12.617792972731309,0.0,12617792.972731309,tfidf_seed
nasruascontrastf,nao_misogino,12564736.230254851,0,29,0.0,12.564736230254852,0.0,12564736.230254851,tfidf_seed
consideração,nao_misogino,12525500.446750205,0,22,0.0,12.525500446750204,0.0,12525500.446750205,tfidf_seed
almoço,nao_misogino,12499394.96575747,0,26,0.0,12.49939496575747,0.0,12499394.96575747,tfidf_seed
tag,nao_misogino,12187695.238731772,0,27,0.0,12.187695238731772,0.0,12187695.238731772,tfidf_seed
fab,nao_misogino,12165945.65460019,0,25,0.0,12.16594565460019,0.0,12165945.65460019,tfidf_seed
favorito,nao_misogino,12042347.237951137,0,25,0.0,12.042347237951137,0.0,12042347.237951137,tfidf_seed
temporada,nao_misogino,11510790.343305375,0,25,0.0,11.510790343305375,0.0,11510790.343305375,tfidf_seed
bixo,nao_misogino,11328217.511429738,0,19,0.0,11.328217511429738,0.0,11328217.511429738,tfidf_seed
ncia,nao_misogino,11182473.093064656,0,29,0.0,11.182473093064656,0.0,11182473.093064656,tfidf_seed
resenha,nao_misogino,11105077.25488648,0,19,0.0,11.10507725488648,0.0,11105077.25488648,tfidf_seed
tandara,nao_misogino,11039891.023080904,0,18,0.0,11.039891023080903,0.0,11039891.023080904,tfidf_seed
set,nao_misogino,10903096.462903421,0,21,0.0,10.90309646290342,0.0,10903096.462903421,tfidf_seed
mara,nao_misogino,10882246.217711449,0,20,0.0,10.882246217711447,0.0,10882246.217711449,tfidf_seed
cartão,nao_misogino,10720689.005895387,0,24,0.0,10.720689005895387,0.0,10720689.005895387,tfidf_seed
marca,nao_misogino,10700113.478101498,0,25,0.0,10.700113478101496,0.0,10700113.478101498,tfidf_seed
sotaque,nao_misogino,10672689.383243665,0,20,0.0,10.672689383243664,0.0,10672689.383243665,tfidf_seed
overdose,nao_misogino,10640131.451026976,0,29,0.0,10.640131451026976,0.0,10640131.451026976,tfidf_seed
gabriel,nao_misogino,10628019.391619552,0,21,0.0,10.628019391619551,0.0,10628019.391619552,tfidf_seed
energia,nao_misogino,10553682.346673887,0,27,0.0,10.553682346673886,0.0,10553682.346673887,tfidf_seed
extremamente,nao_misogino,10548451.405200757,0,26,0.0,10.548451405200757,0.0,10548451.405200757,tfidf_seed
sdd,nao_misogino,10522186.208893621,0,18,0.0,10.52218620889362,0.0,10522186.208893621,tfidf_seed
sofror,nao_misogino,10374085.26930172,0,19,0.0,10.37408526930172,0.0,10374085.26930172,tfidf_seed
emocionar,nao_misogino,10308475.771964405,0,21,0.0,10.308475771964405,0.0,10308475.771964405,tfidf_seed
perfeição,nao_misogino,10290718.200267848,0,15,0.0,10.290718200267847,0.0,10290718.200267848,tfidf_seed
percor,nao_misogino,10193259.14087887,0,17,0.0,10.193259140878869,0.0,10193259.14087887,tfidf_seed
café,nao_misogino,10113149.673618222,0,21,0.0,10.11314967361822,0.0,10113149.673618222,tfidf_seed
lucas,nao_misogino,10084232.679157637,0,23,0.0,10.084232679157637,0.0,10084232.679157637,tfidf_seed
voleinosportv,nao_misogino,10072124.098323412,0,19,0.0,10.072124098323412,0.0,10072124.098323412,tfidf_seed
harry,nao_misogino,10050366.46878187,0,23,0.0,10.050366468781869,0.0,10050366.46878187,tfidf_seed
estresse,nao_misogino,9939342.97653083,0,19,0.0,9.93934297653083,0.0,9939342.97653083,tfidf_seed
sensação,nao_misogino,9909199.494670331,0,21,0.0,9.90919949467033,0.0,9909199.494670331,tfidf_seed
parab,nao_misogino,9824369.938331496,0,17,0.0,9.824369938331495,0.0,9824369.938331496,tfidf_seed
fotor,nao_misogino,9809596.30974185,0,18,0.0,9.809596309741849,0.0,9809596.30974185,tfidf_seed
vario,nao_misogino,9761424.79504929,0,25,0.0,9.761424795049289,0.0,9761424.79504929,tfidf_seed
otimista,nao_misogino,9750227.090259606,0,15,0.0,9.750227090259605,0.0,9750227.090259606,tfidf_seed
princesa,nao_misogino,9595000.536103508,0,17,0.0,9.595000536103507,0.0,9595000.536103508,tfidf_seed
tourette,nao_misogino,9536547.198108356,0,26,0.0,9.536547198108355,0.0,9536547.198108356,tfidf_seed
chocolate,nao_misogino,9519188.31445652,0,16,0.0,9.51918831445652,0.0,9519188.31445652,tfidf_seed
conheci,nao_misogino,9361181.918820104,0,24,0.0,9.361181918820103,0.0,9361181.918820104,tfidf_seed
absolutamente,nao_misogino,9329062.137621844,0,20,0.0,9.329062137621843,0.0,9329062.137621844,tfidf_seed
trampo,nao_misogino,9299189.856553555,0,22,0.0,9.299189856553554,0.0,9299189.856553555,tfidf_seed
sonhei,nao_misogino,9290681.422453467,0,17,0.0,9.290681422453467,0.0,9290681.422453467,tfidf_seed
gabi,nao_misogino,9208197.119123295,0,16,0.0,9.208197119123295,0.0,9208197.119123295,tfidf_seed
agonia,nao_misogino,9174630.86881811,0,14,0.0,9.17463086881811,0.0,9174630.86881811,tfidf_seed
contato,nao_misogino,8958399.885167362,0,23,0.0,8.958399885167362,0.0,8958399.885167362,tfidf_seed
arrepiar,nao_misogino,8889663.24654401,0,14,0.0,8.889663246544009,0.0,8889663.24654401,tfidf_seed
jungkook,nao_misogino,8824235.793755375,0,20,0.0,8.824235793755374,0.0,8824235.793755375,tfidf_seed
bebida,nao_misogino,8798376.514352888,0,21,0.0,8.798376514352887,0.0,8798376.514352888,tfidf_seed
seleção,nao_misogino,8742614.91165925,0,18,0.0,8.742614911659249,0.0,8742614.91165925,tfidf_seed
paulinha,nao_misogino,8741402.628429364,0,17,0.0,8.741402628429364,0.0,8741402.628429364,tfidf_seed
operação,nao_misogino,8655788.558658136,0,18,0.0,8.655788558658136,0.0,8655788.558658136,tfidf_seed
torcedor,nao_misogino,8589319.164880525,0,23,0.0,8.589319164880525,0.0,8589319.164880525,tfidf_seed
avó,nao_misogino,8550327.23135631,0,16,0.0,8.55032723135631,0.0,8550327.23135631,tfidf_seed
proximidade,nao_misogino,8481046.57702583,0,24,0.0,8.48104657702583,0.0,8481046.57702583,tfidf_seed
álbum,nao_misogino,8475595.796535593,0,20,0.0,8.475595796535591,0.0,8475595.796535593,tfidf_seed
fodido,nao_misogino,8448411.667802097,0,15,0.0,8.448411667802096,0.0,8448411.667802097,tfidf_seed
grt,nao_misogino,8446478.717059137,0,15,0.0,8.446478717059136,0.0,8446478.717059137,tfidf_seed
aaa,nao_misogino,8402848.693974901,0,15,0.0,8.402848693974901,0.0,8402848.693974901,tfidf_seed
sextar,nao_misogino,8381837.196501346,0,15,0.0,8.381837196501346,0.0,8381837.196501346,tfidf_seed
game,nao_misogino,8373902.9817775795,0,17,0.0,8.37390298177758,0.0,8373902.9817775795,tfidf_seed
estrela,nao_misogino,8362273.085583257,0,17,0.0,8.362273085583256,0.0,8362273.085583257,tfidf_seed
viadinho,nao_misogino,8337162.156498664,0,15,0.0,8.337162156498664,0.0,8337162.156498664,tfidf_seed
maturidade,nao_misogino,8233140.639437386,0,15,0.0,8.233140639437385,0.0,8233140.639437386,tfidf_seed
talentoso,nao_misogino,8231308.34121942,0,18,0.0,8.23130834121942,0.0,8231308.34121942,tfidf_seed
teoria,nao_misogino,8212136.347876706,0,16,0.0,8.212136347876706,0.0,8212136.347876706,tfidf_seed
companhia,nao_misogino,8153940.8889174545,0,16,0.0,8.153940888917454,0.0,8153940.8889174545,tfidf_seed
arreper,nao_misogino,8152800.812306638,0,15,0.0,8.152800812306637,0.0,8152800.812306638,tfidf_seed
jimin,nao_misogino,8150393.291454178,0,18,0.0,8.150393291454177,0.0,8150393.291454178,tfidf_seed
pagode,nao_misogino,8138678.860819976,0,16,0.0,8.138678860819976,0.0,8138678.860819976,tfidf_seed
netflix,nao_misogino,8054286.530065715,0,16,0.0,8.054286530065715,0.0,8054286.530065715,tfidf_seed
vasco,nao_misogino,8038766.275057093,0,17,0.0,8.038766275057093,0.0,8038766.275057093,tfidf_seed
memória,nao_misogino,8031163.195407106,0,19,0.0,8.031163195407105,0.0,8031163.195407106,tfidf_seed
pqpr,nao_misogino,8030427.264254254,0,14,0.0,8.030427264254254,0.0,8030427.264254254,tfidf_seed
live,nao_misogino,7996851.241509994,0,17,0.0,7.996851241509993,0.0,7996851.241509994,tfidf_seed
incrivel,nao_misogino,7890709.847403744,0,15,0.0,7.890709847403744,0.0,7890709.847403744,tfidf_seed
estilo,nao_misogino,7883923.721964601,0,17,0.0,7.883923721964601,0.0,7883923.721964601,tfidf_seed
barcelona,nao_misogino,7785611.075036999,0,19,0.0,7.785611075036998,0.0,7785611.075036999,tfidf_seed
pipoca,nao_misogino,7784868.758024272,0,13,0.0,7.784868758024271,0.0,7784868.758024272,tfidf_seed
luanete,nao_misogino,7741903.65121691,0,18,0.0,7.7419036512169095,0.0,7741903.65121691,tfidf_seed
luansantanashow,nao_misogino,7741903.65121691,0,18,0.0,7.7419036512169095,0.0,7741903.65121691,tfidf_seed
gratidão,nao_misogino,7717617.652837945,0,17,0.0,7.717617652837945,0.0,7717617.652837945,tfidf_seed
casaco,nao_misogino,7707727.859997999,0,15,0.0,7.707727859997998,0.0,7707727.859997999,tfidf_seed
mongol,nao_misogino,7669677.403729743,0,14,0.0,7.669677403729743,0.0,7669677.403729743,tfidf_seed
garcia,nao_misogino,7665411.061384388,0,16,0.0,7.665411061384388,0.0,7665411.061384388,tfidf_seed
fico,nao_misogino,7643213.618081103,0,16,0.0,7.643213618081103,0.0,7643213.618081103,tfidf_seed
ultimamente,nao_misogino,7639137.6715163225,0,15,0.0,7.639137671516322,0.0,7639137.6715163225,tfidf_seed
merecido,nao_misogino,7579785.503644712,0,12,0.0,7.579785503644712,0.0,7579785.503644712,tfidf_seed
piercing,nao_misogino,7572980.016906646,0,14,0.0,7.572980016906646,0.0,7572980.016906646,tfidf_seed
deo,nao_misogino,7567201.351298773,0,14,0.0,7.567201351298772,0.0,7567201.351298773,tfidf_seed
bichinha,nao_misogino,7515967.540271919,0,16,0.0,7.515967540271919,0.0,7515967.540271919,tfidf_seed
fudeu,nao_misogino,7418662.229009847,0,12,0.0,7.418662229009847,0.0,7418662.229009847,tfidf_seed
corinthians,nao_misogino,7407008.490987037,0,15,0.0,7.407008490987037,0.0,7407008.490987037,tfidf_seed
storie,nao_misogino,7395234.939425257,0,16,0.0,7.395234939425257,0.0,7395234.939425257,tfidf_seed
pal,nao_misogino,7379893.36470484,0,13,0.0,7.37989336470484,0.0,7379893.36470484,tfidf_seed
desligar,nao_misogino,7375818.061046465,0,15,0.0,7.3758180610464645,0.0,7375818.061046465,tfidf_seed
sanção,nao_misogino,7358789.605082368,0,17,0.0,7.358789605082367,0.0,7358789.605082368,tfidf_seed
luansantano,nao_misogino,7311649.840734808,0,17,0.0,7.311649840734807,0.0,7311649.840734808,tfidf_seed
bglh,nao_misogino,7305008.726021191,0,14,0.0,7.305008726021191,0.0,7305008.726021191,tfidf_seed
estado,nao_misogino,7298359.835680486,0,16,0.0,7.298359835680485,0.0,7298359.835680486,tfidf_seed
silenciar,nao_misogino,7256927.879031411,0,15,0.0,7.256927879031411,0.0,7256927.879031411,tfidf_seed
pretinha,nao_misogino,7243062.555759287,0,12,0.0,7.243062555759287,0.0,7243062.555759287,tfidf_seed
aleatório,nao_misogino,7168057.097509043,0,18,0.0,7.168057097509043,0.0,7168057.097509043,tfidf_seed
leão,nao_misogino,7127890.221495738,0,16,0.0,7.127890221495738,0.0,7127890.221495738,tfidf_seed
whats,nao_misogino,7127859.53614056,0,14,0.0,7.1278595361405594,0.0,7127859.53614056,tfidf_seed
lindíssimo,nao_misogino,7114892.488649341,0,10,0.0,7.114892488649341,0.0,7114892.488649341,tfidf_seed
aprendizado,nao_misogino,7103166.066127469,0,14,0.0,7.103166066127469,0.0,7103166.066127469,tfidf_seed
morri,nao_misogino,7094266.789085657,0,12,0.0,7.094266789085657,0.0,7094266.789085657,tfidf_seed
matheus,nao_misogino,7068686.584381377,0,14,0.0,7.068686584381377,0.0,7068686.584381377,tfidf_seed
orar,nao_misogino,7038466.81057914,0,12,0.0,7.0384668105791395,0.0,7038466.81057914,tfidf_seed
psg,nao_misogino,7014583.77319927,0,16,0.0,7.014583773199269,0.0,7014583.77319927,tfidf_seed
picar,nao_misogino,7007398.731421735,0,13,0.0,7.007398731421735,0.0,7007398.731421735,tfidf_seed
emoji,nao_misogino,6952369.6699896585,0,15,0.0,6.952369669989658,0.0,6952369.6699896585,tfidf_seed
deltan,nao_misogino,6943570.568176315,0,21,0.0,6.943570568176315,0.0,6943570.568176315,tfidf_seed
carol,nao_misogino,6859180.252787774,0,14,0.0,6.859180252787774,0.0,6859180.252787774,tfidf_seed
tarcísio,nao_misogino,6839862.670638709,0,12,0.0,6.839862670638709,0.0,6839862.670638709,tfidf_seed
stan,nao_misogino,6830898.4214575095,0,13,0.0,6.830898421457509,0.0,6830898.4214575095,tfidf_seed
sco,nao_misogino,6821644.920476832,0,12,0.0,6.821644920476832,0.0,6821644.920476832,tfidf_seed
prima,nao_misogino,6794135.556842433,0,16,0.0,6.794135556842433,0.0,6794135.556842433,tfidf_seed
reportagem,nao_misogino,6769272.497883144,0,16,0.0,6.769272497883144,0.0,6769272.497883144,tfidf_seed
gaúcho,nao_misogino,6682875.445320787,0,12,0.0,6.682875445320787,0.0,6682875.445320787,tfidf_seed
integrante,nao_misogino,6679846.546333113,0,15,0.0,6.6798465463331125,0.0,6679846.546333113,tfidf_seed
pizza,nao_misogino,6645967.796535011,0,13,0.0,6.645967796535011,0.0,6645967.796535011,tfidf_seed
terapia,nao_misogino,6613253.161417653,0,14,0.0,6.613253161417653,0.0,6613253.161417653,tfidf_seed
marina,nao_misogino,6595202.841047912,0,13,0.0,6.595202841047912,0.0,6595202.841047912,tfidf_seed
desmatamento,nao_misogino,6580608.060115356,0,19,0.0,6.580608060115356,0.0,6580608.060115356,tfidf_seed
tempinho,nao_misogino,6573372.330181297,0,12,0.0,6.5733723301812965,0.0,6573372.330181297,tfidf_seed
voar,nao_misogino,6542404.302294233,0,12,0.0,6.542404302294233,0.0,6542404.302294233,tfidf_seed
caraca,nao_misogino,6531284.177096208,0,13,0.0,6.531284177096207,0.0,6531284.177096208,tfidf_seed
fiscal,nao_misogino,6526929.904107468,0,16,0.0,6.526929904107468,0.0,6526929.904107468,tfidf_seed
tédio,nao_misogino,6515633.963775397,0,11,0.0,6.515633963775397,0.0,6515633.963775397,tfidf_seed
treino,nao_misogino,6506184.968768907,0,14,0.0,6.506184968768906,0.0,6506184.968768907,tfidf_seed
senado,nao_misogino,6454006.513298542,0,15,0.0,6.454006513298542,0.0,6454006.513298542,tfidf_seed
leve,nao_misogino,6427118.570439081,0,12,0.0,6.42711857043908,0.0,6427118.570439081,tfidf_seed
dio,nao_misogino,6421852.955380297,0,15,0.0,6.421852955380297,0.0,6421852.955380297,tfidf_seed
reserva,nao_misogino,6411606.26689444,0,14,0.0,6.41160626689444,0.0,6411606.26689444,tfidf_seed
yoongi,nao_misogino,6396201.814716061,0,13,0.0,6.39620181471606,0.0,6396201.814716061,tfidf_seed
hahahahahaha,nao_misogino,6394675.548672812,0,11,0.0,6.3946755486728115,0.0,6394675.548672812,tfidf_seed
desconstruir,nao_misogino,6355592.650161493,0,12,0.0,6.355592650161492,0.0,6355592.650161493,tfidf_seed
jornada,nao_misogino,6348041.705892061,0,14,0.0,6.348041705892061,0.0,6348041.705892061,tfidf_seed
atleta,nao_misogino,6305836.074816913,0,13,0.0,6.305836074816913,0.0,6305836.074816913,tfidf_seed
fundamental,nao_misogino,6264678.365448816,0,14,0.0,6.264678365448815,0.0,6264678.365448816,tfidf_seed
partida,nao_misogino,6250443.606625861,0,16,0.0,6.25044360662586,0.0,6250443.606625861,tfidf_seed
intimidade,nao_misogino,6232580.598498121,0,12,0.0,6.232580598498121,0.0,6232580.598498121,tfidf_seed
confessar,nao_misogino,6230851.728289485,0,14,0.0,6.230851728289485,0.0,6230851.728289485,tfidf_seed
van,nao_misogino,6222509.9966135435,0,12,0.0,6.222509996613543,0.0,6222509.9966135435,tfidf_seed
jogão,nao_misogino,6203187.808444136,0,9,0.0,6.203187808444135,0.0,6203187.808444136,tfidf_seed
lerdo,nao_misogino,6165670.311096812,0,11,0.0,6.165670311096811,0.0,6165670.311096812,tfidf_seed
rivalidade,nao_misogino,6160591.510019538,0,13,0.0,6.160591510019538,0.0,6160591.510019538,tfidf_seed
coca,nao_misogino,6155416.624635766,0,13,0.0,6.155416624635766,0.0,6155416.624635766,tfidf_seed
terça,nao_misogino,6138490.094707183,0,12,0.0,6.1384900947071825,0.0,6138490.094707183,tfidf_seed
araraquara,nao_misogino,6119929.828040851,0,10,0.0,6.119929828040851,0.0,6119929.828040851,tfidf_seed
porq,nao_misogino,6094575.788609477,0,15,0.0,6.094575788609476,0.0,6094575.788609477,tfidf_seed
lindão,nao_misogino,6093916.583332384,0,9,0.0,6.093916583332383,0.0,6093916.583332384,tfidf_seed
exagerar,nao_misogino,6090141.248615353,0,8,0.0,6.090141248615353,0.0,6090141.248615353,tfidf_seed
blusa,nao_misogino,6071033.362598617,0,11,0.0,6.071033362598616,0.0,6071033.362598617,tfidf_seed
roma,nao_misogino,6066351.67527766,0,15,0.0,6.06635167527766,0.0,6066351.67527766,tfidf_seed
gelo,nao_misogino,6061493.515878283,0,12,0.0,6.061493515878283,0.0,6061493.515878283,tfidf_seed
quadra,nao_misogino,6057445.540410549,0,11,0.0,6.057445540410549,0.0,6057445.540410549,tfidf_seed
brinco,nao_misogino,6055607.095568282,0,12,0.0,6.0556070955682815,0.0,6055607.095568282,tfidf_seed
dani,nao_misogino,6039080.316637498,0,15,0.0,6.039080316637498,0.0,6039080.316637498,tfidf_seed
anime,nao_misogino,6030519.377837024,0,11,0.0,6.030519377837024,0.0,6030519.377837024,tfidf_seed
inscrição,nao_misogino,6027802.14214973,0,13,0.0,6.02780214214973,0.0,6027802.14214973,tfidf_seed
carlos,nao_misogino,6016203.426624918,0,15,0.0,6.0162034266249185,0.0,6016203.426624918,tfidf_seed
hoseok,nao_misogino,6016031.542204717,0,12,0.0,6.016031542204717,0.0,6016031.542204717,tfidf_seed
tartaruga,nao_misogino,6012447.769077968,0,12,0.0,6.012447769077967,0.0,6012447.769077968,tfidf_seed
garganta,nao_misogino,6002363.727086692,0,13,0.0,6.002363727086692,0.0,6002363.727086692,tfidf_seed
